,G,W,L,W-L%,SRS,SOS,Conf W,Conf L,Home W,Home L,Away W,Away L,Tm. Points,Opp. Points,MP,FG,FGA,FG%,3P,3PA,3P%,FT,FTA,FT%,ORB,TRB,AST,STL,BLK,TOV,PF
Abilene Christian,29,13,16,0.448,-11.86,-7.1,7,11,9,5,4,11,2009,2073,1180,721,1555,0.464,207,550,0.376,360,543,0.663,222,904,408,210,83,412,631
Air Force,33,12,21,0.364,-3.06,1,4,14,11,7,0,11,2411,2477,1335,817,1876,0.436,264,728,0.363,513,715,0.717,304,1149,494,197,57,390,594
Akron,36,27,9,0.75,3.59,-1.21,14,4,13,2,7,6,2772,2550,1440,949,2035,0.466,366,984,0.372,508,744,0.683,357,1246,517,198,118,422,653
Alabama A&M,29,2,27,0.069,-26.99,-11.09,2,16,1,9,1,18,1794,2255,1175,628,1549,0.405,125,447,0.28,411,614,0.669,299,914,326,100,50,384,526
Alabama-Birmingham,33,17,16,0.515,-1.17,-1.83,9,9,11,5,4,8,2369,2316,1330,835,1809,0.462,203,583,0.348,496,674,0.736,321,1188,503,157,160,444,527
Alabama State,31,8,23,0.258,-19.75,-10.75,6,12,6,5,1,17,2042,2305,1260,719,1834,0.392,200,674,0.297,404,634,0.637,427,1188,300,150,98,488,629
Alabama,34,19,15,0.559,11.29,7.47,10,8,11,6,5,6,2330,2200,1380,809,1909,0.424,225,710,0.317,487,746,0.653,418,1327,390,200,141,474,664
Albany (NY),35,21,14,0.6,-0.16,-4.69,10,6,11,5,9,8,2496,2301,1400,907,1941,0.467,192,516,0.372,490,647,0.757,379,1257,444,178,60,416,617
Alcorn State,32,18,14,0.563,-12.33,-10.95,13,5,11,2,6,11,2221,2175,1285,800,1866,0.429,222,669,0.332,399,612,0.652,387,1243,425,209,115,452,610
American,30,8,22,0.267,-10.3,-3.5,5,13,4,11,4,11,1845,2049,1205,692,1542,0.449,168,529,0.318,293,474,0.618,204,868,339,209,73,396,548
Appalachian State,30,9,21,0.3,-8.67,-1.6,4,14,8,6,1,14,2208,2279,1205,749,1781,0.421,251,742,0.338,459,674,0.681,339,1126,414,167,91,414,641
Arizona State,33,15,18,0.455,4.02,7.11,7,11,9,7,4,6,2593,2695,1325,888,2047,0.434,328,896,0.366,489,653,0.749,304,1075,430,194,106,344,556
Arizona,37,32,5,0.865,18.25,7.63,16,2,15,1,9,1,2833,2440,1480,977,2048,0.477,244,625,0.39,635,830,0.765,380,1358,501,201,119,413,625
Arkansas-Little Rock,32,15,17,0.469,-6.07,-3.8,6,12,9,6,4,9,2188,2185,1290,775,1749,0.443,207,599,0.346,431,582,0.741,305,1058,379,183,120,412,591
Arkansas-Pine Bluff,32,7,25,0.219,-22.81,-10.28,6,12,6,6,1,19,1977,2320,1305,695,1725,0.403,208,621,0.335,379,581,0.652,335,1013,334,279,93,578,718
Arkansas State,32,20,12,0.625,0.87,-2.1,11,7,12,1,7,9,2346,2211,1285,826,1792,0.461,220,579,0.38,474,743,0.638,352,1169,397,172,83,414,652
Arkansas  ,36,26,10,0.722,14.04,8.6,12,6,15,3,6,5,2855,2659,1440,997,2165,0.461,233,638,0.365,628,825,0.761,401,1298,497,278,170,428,739
Army,32,13,19,0.406,-5.84,-4.1,6,12,9,8,4,10,2324,2340,1295,842,1906,0.442,291,825,0.353,349,533,0.655,317,1213,520,178,61,483,620
Auburn,32,18,14,0.563,8.17,7.33,7,11,10,5,6,6,2573,2546,1290,861,1969,0.437,289,789,0.366,562,836,0.672,369,1171,416,234,162,434,668
Austin Peay,30,11,19,0.367,-11,-2.32,7,9,5,8,4,11,2331,2515,1215,806,1718,0.469,227,640,0.355,492,695,0.708,245,913,324,171,73,373,547
Ball State,34,21,13,0.618,-1.45,-3.57,11,7,11,5,7,7,2677,2567,1380,929,2014,0.461,319,841,0.379,500,696,0.718,335,1281,529,203,118,496,658
Baylor  ,35,27,8,0.771,19.75,11.87,12,6,15,2,6,4,2550,2228,1400,921,1956,0.471,230,641,0.359,478,661,0.723,451,1329,544,180,166,469,617
Belmont,30,23,7,0.767,4.28,-1.69,15,1,12,1,11,4,2302,2078,1205,798,1703,0.469,306,895,0.342,400,521,0.768,254,1057,481,131,80,380,531
Bethune-Cookman,32,10,22,0.313,-19.44,-11.21,6,10,7,7,2,13,2275,2490,1315,840,2022,0.415,228,712,0.32,367,554,0.662,397,1135,448,245,96,413,644
Binghamton,32,12,20,0.375,-11.99,-5.79,3,13,7,7,4,13,2175,2270,1285,768,1757,0.437,248,685,0.362,391,555,0.705,251,1055,410,167,78,397,545
Boise State,32,20,12,0.625,5.52,2.72,12,6,11,3,8,7,2404,2278,1280,811,1802,0.45,253,726,0.348,529,743,0.712,309,1139,387,158,77,409,662
Boston College,32,9,23,0.281,2.2,8.08,2,16,8,10,0,9,2320,2508,1280,843,1880,0.448,256,685,0.374,378,556,0.68,292,1119,473,179,87,467,597
Boston University,32,18,14,0.563,-2.43,-3.66,12,6,11,5,6,9,2339,2264,1300,817,1844,0.443,274,773,0.354,431,619,0.696,311,1141,449,265,81,444,610
Bowling Green State,32,13,19,0.406,-6,-2,7,11,10,7,3,12,2355,2453,1295,832,1957,0.425,220,644,0.342,471,706,0.667,353,1153,390,221,87,408,623
Bradley,33,13,20,0.394,-2.84,2.94,7,11,8,7,3,10,2163,2333,1325,731,1722,0.425,217,609,0.356,484,719,0.673,297,1156,372,203,118,499,672
Brigham Young,34,22,12,0.647,8.22,1.87,12,6,14,4,5,4,2741,2525,1360,937,2057,0.456,230,668,0.344,637,869,0.733,363,1418,534,224,156,469,657
Brown,30,13,17,0.433,-8.55,-4.08,4,10,9,7,4,8,2275,2338,1200,735,1660,0.443,244,665,0.367,561,739,0.759,275,933,399,228,56,430,597
Bryant,32,12,20,0.375,-9.69,-5.43,9,9,9,5,2,15,2373,2478,1315,839,1917,0.438,237,701,0.338,458,636,0.72,345,1148,460,218,69,428,680
Bucknell  ,35,26,9,0.743,5.89,-2.48,15,3,14,2,9,6,2669,2376,1400,942,1961,0.48,286,754,0.379,497,730,0.681,302,1203,510,252,134,466,655
Buffalo,32,17,15,0.531,0.92,-1.01,11,7,8,4,8,7,2486,2375,1285,877,1945,0.451,240,727,0.33,492,711,0.692,385,1295,459,181,127,453,735
Butler  ,34,25,9,0.735,17.7,10.23,12,6,13,3,7,4,2595,2341,1370,906,1898,0.477,261,714,0.366,522,704,0.741,287,1091,453,206,96,346,640
Cal Poly,31,11,20,0.355,-10.71,-4.22,6,10,6,6,5,11,2082,2242,1250,726,1800,0.403,258,758,0.34,372,534,0.697,300,1003,322,162,113,333,574
Cal State Bakersfield,35,25,10,0.714,3.21,-1.94,12,2,12,1,11,6,2502,2235,1425,895,2035,0.44,229,652,0.351,483,755,0.64,433,1349,507,286,137,519,794
Cal State Fullerton,32,17,15,0.531,-7.55,-6.85,10,6,12,4,4,8,2351,2280,1315,821,1850,0.444,196,631,0.311,513,747,0.687,341,1196,387,223,117,465,666
Cal State Northridge,30,11,19,0.367,-8.34,-4.13,7,9,7,7,4,8,2341,2440,1200,806,1747,0.461,145,415,0.349,584,801,0.729,295,1052,411,207,90,399,638
UC-Davis  ,36,23,13,0.639,-5.21,-4.68,11,5,11,0,6,9,2525,2506,1455,873,2008,0.435,221,635,0.348,558,828,0.674,364,1280,461,202,118,513,688
UC-Irvine,36,21,15,0.583,0.18,-2.7,12,4,11,2,8,9,2514,2331,1450,915,2062,0.444,265,734,0.361,419,611,0.686,402,1429,460,176,154,481,748
UC-Riverside,29,8,21,0.276,-11.39,-3.87,5,11,5,8,3,12,1895,2016,1165,689,1671,0.412,173,553,0.313,344,495,0.695,264,1011,338,198,88,387,572
UC-Santa Barbara,28,6,22,0.214,-13.49,-2,4,12,5,8,1,12,1701,1987,1125,622,1651,0.377,154,531,0.29,303,478,0.634,356,1028,338,148,59,341,502
University of California,34,21,13,0.618,11.11,6.34,10,8,15,4,3,6,2316,2154,1380,807,1911,0.422,226,664,0.34,476,720,0.661,394,1323,409,165,155,428,656
Campbell,37,19,18,0.514,-9.68,-7.59,7,11,11,8,6,9,2653,2605,1490,909,1992,0.456,294,798,0.368,541,720,0.751,292,1219,432,244,151,476,662
Canisius,34,18,16,0.529,-2.82,-3.5,10,10,7,7,9,8,2665,2642,1370,943,2066,0.456,309,832,0.371,470,639,0.736,364,1120,601,230,64,446,659
Central Arkansas,32,8,24,0.25,-13.04,-3.76,7,11,5,6,3,16,2395,2692,1295,836,1910,0.438,230,613,0.375,493,687,0.718,337,1151,465,178,84,446,606
Central Connecticut State,29,6,23,0.207,-17.51,-7.68,4,14,3,9,3,14,1827,2112,1170,675,1602,0.421,146,418,0.349,331,534,0.62,332,966,341,166,68,413,539
Central Florida,36,24,12,0.667,9.58,3.69,11,7,15,3,6,6,2414,2202,1445,825,1898,0.435,263,748,0.352,501,758,0.661,389,1471,400,144,145,525,548
Central Michigan,32,16,16,0.5,-5.76,-2.63,6,12,10,5,5,9,2826,2807,1295,912,2153,0.424,399,1115,0.358,603,762,0.791,364,1244,362,181,93,362,612
Charleston Southern,31,12,19,0.387,-12.28,-6.21,7,11,9,6,3,12,2304,2343,1255,824,1868,0.441,228,669,0.341,428,643,0.666,336,1092,341,176,89,358,620
Charlotte,30,13,17,0.433,-5.24,-0.93,7,11,10,5,3,9,2295,2407,1205,800,1803,0.444,237,630,0.376,458,614,0.746,224,979,361,190,94,366,578
Chattanooga,31,19,12,0.613,1.1,-2.08,10,8,11,3,7,7,2314,2132,1245,801,1718,0.466,231,667,0.346,481,677,0.71,322,1005,377,241,145,413,570
Chicago State,32,6,26,0.188,-16.67,-0.19,1,13,3,7,2,17,2089,2511,1300,739,1923,0.384,212,681,0.311,399,569,0.701,344,1123,360,215,68,440,616
Cincinnati  ,36,30,6,0.833,18.43,5.49,16,2,18,0,8,3,2674,2208,1450,969,2116,0.458,264,764,0.346,472,688,0.686,437,1328,557,261,173,361,566
Citadel,33,12,21,0.364,-12.86,-2.93,4,14,8,8,3,12,2964,3121,1335,980,2357,0.416,397,1165,0.341,607,802,0.757,448,1232,561,306,85,473,737
Clemson,33,17,16,0.515,13.22,9.98,6,12,11,6,3,7,2468,2361,1325,871,1939,0.449,239,669,0.357,487,666,0.731,365,1124,414,235,130,354,501
Cleveland State,31,9,22,0.29,-6.73,-1.53,5,13,5,6,2,14,2083,2222,1260,745,1838,0.405,219,709,0.309,374,541,0.691,339,1024,327,221,94,405,636
Coastal Carolina,39,20,19,0.513,-3.94,-1.48,10,8,15,6,3,12,2833,2858,1570,1021,2416,0.423,318,963,0.33,473,719,0.658,480,1571,467,237,109,508,709
Colgate,32,10,22,0.313,-8.47,-3.6,8,10,4,8,6,12,2145,2273,1305,745,1693,0.44,271,732,0.37,384,567,0.677,263,1037,414,164,82,470,603
College of Charleston,35,25,10,0.714,3.99,-0.19,14,4,12,2,10,5,2416,2260,1405,804,1862,0.432,220,670,0.328,588,799,0.736,302,1194,355,194,117,364,604
Colorado State,36,24,12,0.667,6.03,2.17,13,5,15,5,7,5,2611,2447,1440,879,2070,0.425,257,758,0.339,596,815,0.731,409,1374,397,218,123,392,618
Colorado,34,19,15,0.559,9.12,6,8,10,13,4,4,9,2568,2455,1370,888,1993,0.446,250,718,0.348,542,770,0.704,403,1276,474,172,146,410,632
Columbia,27,11,16,0.407,-5.67,-3.13,5,9,7,6,4,10,1940,1964,1090,700,1603,0.437,211,584,0.361,329,465,0.708,273,941,418,190,79,347,506
Connecticut,33,16,17,0.485,7.23,6.61,9,9,8,6,4,8,2220,2189,1330,778,1809,0.43,223,628,0.355,441,619,0.712,336,1209,432,146,177,402,575
Coppin State,32,8,24,0.25,-21.51,-8.01,7,9,5,6,3,16,2119,2521,1290,705,1846,0.382,225,708,0.318,484,745,0.65,367,1115,335,182,72,440,664
Cornell,29,8,21,0.276,-8.4,-1.55,4,10,3,8,4,12,2074,2238,1165,746,1646,0.453,244,720,0.339,338,484,0.698,219,976,417,150,78,419,529
Creighton  ,35,25,10,0.714,17.27,8.95,10,8,13,4,7,4,2864,2549,1400,1078,2137,0.504,304,766,0.397,404,592,0.682,289,1223,598,213,102,435,582
Dartmouth,27,7,20,0.259,-11.15,-3.45,4,10,3,9,4,11,1812,2020,1085,631,1463,0.431,199,565,0.352,351,495,0.709,249,917,301,124,48,401,493
Davidson,32,17,15,0.531,6.45,4.26,8,10,8,5,5,7,2362,2292,1290,814,1861,0.437,292,856,0.341,442,587,0.753,285,1149,499,163,106,390,583
Dayton  ,32,24,8,0.75,12.98,4.27,15,3,15,1,7,3,2428,2126,1285,820,1763,0.465,258,671,0.385,530,768,0.69,277,1097,500,249,128,376,601
Delaware State,32,10,22,0.313,-18.81,-9.37,7,9,4,7,6,14,2186,2399,1295,782,1865,0.419,263,727,0.362,359,545,0.659,348,1057,429,177,89,436,608
Delaware,33,13,20,0.394,-9.97,-1.42,5,13,9,5,3,12,2157,2381,1325,775,1838,0.422,196,643,0.305,411,599,0.686,322,1159,385,176,102,396,625
Denver,30,16,14,0.533,-2.99,-4.19,8,8,8,5,7,8,2275,2239,1210,811,1684,0.482,223,555,0.402,428,583,0.734,273,1058,452,150,64,404,603
DePaul,32,9,23,0.281,2.09,7.78,2,16,8,10,1,9,2206,2388,1285,775,1804,0.43,184,564,0.326,472,642,0.735,339,1057,366,213,92,451,635
Detroit Mercy,31,8,23,0.258,-10.72,-1.62,6,12,5,9,3,13,2387,2630,1255,830,1867,0.445,251,675,0.372,476,717,0.664,320,1036,398,203,78,451,741
Drake,31,7,24,0.226,-4.71,1.91,5,13,6,9,1,11,2208,2390,1255,760,1856,0.409,270,782,0.345,418,553,0.756,311,1070,404,188,75,389,563
Drexel,32,9,23,0.281,-7.43,-2.56,3,15,5,8,4,14,2397,2508,1300,865,1987,0.435,256,741,0.345,411,617,0.666,379,1177,470,187,98,425,644
Duke  ,37,28,9,0.757,21.56,10.91,11,7,15,1,4,6,2991,2597,1480,1019,2144,0.475,311,822,0.378,642,842,0.762,390,1341,484,226,172,421,675
Duquesne,32,10,22,0.313,-3.06,0.69,3,15,8,10,1,10,2256,2376,1280,785,1835,0.428,226,677,0.334,460,680,0.676,343,1167,401,157,127,454,593
East Carolina,33,15,18,0.455,-0.49,1.33,6,12,12,5,1,11,2088,2148,1320,716,1797,0.398,214,668,0.32,442,673,0.657,370,1252,394,168,171,459,550
East Tennessee State  ,35,27,8,0.771,7.31,-2.11,14,4,13,2,8,5,2782,2438,1415,960,1967,0.488,265,693,0.382,597,850,0.702,357,1269,516,293,162,519,698
Eastern Illinois,29,14,15,0.483,-5.35,-5.05,6,10,8,6,6,9,2169,2083,1195,772,1852,0.417,259,696,0.372,366,501,0.731,348,1081,444,198,119,370,559
Eastern Kentucky,31,12,19,0.387,-8.65,-2.44,5,11,8,6,3,12,2197,2330,1265,750,1751,0.428,235,733,0.321,462,655,0.705,286,1018,422,185,113,432,619
Eastern Michigan,33,16,17,0.485,-0.18,0.16,7,11,10,6,5,10,2566,2409,1330,918,2046,0.449,211,616,0.343,519,716,0.725,420,1201,443,317,144,399,704
Eastern Washington,34,22,12,0.647,-2.77,-4.43,13,5,15,1,6,10,2695,2592,1410,947,1975,0.479,281,741,0.379,520,675,0.77,309,1196,421,158,162,415,679
Elon,32,18,14,0.563,0.24,-1.39,10,8,10,4,6,8,2403,2292,1310,850,1911,0.445,308,868,0.355,395,577,0.685,291,1209,466,165,73,374,532
Evansville,33,16,17,0.485,1.45,2.42,6,12,13,4,2,9,2288,2261,1335,800,1762,0.454,127,347,0.366,561,787,0.713,298,1136,442,172,99,389,659
Fairfield,31,16,15,0.516,-4.75,-3.85,11,9,7,6,8,8,2251,2279,1250,822,1859,0.442,262,782,0.335,345,506,0.682,275,1115,464,166,92,416,567
Fairleigh Dickinson,30,11,19,0.367,-9.28,-5.31,9,9,7,4,3,14,2183,2250,1205,754,1713,0.44,201,606,0.332,474,620,0.765,291,993,366,189,78,398,637
Florida A&M,30,7,23,0.233,-20.88,-11.85,5,11,4,10,3,11,2153,2365,1220,762,1800,0.423,187,538,0.348,442,671,0.659,304,1047,379,197,99,407,568
Florida Atlantic,30,10,20,0.333,-7.95,-1.98,6,12,5,9,5,8,2108,2221,1215,756,1838,0.411,204,639,0.319,392,558,0.703,316,1066,369,171,93,348,570
Florida Gulf Coast  ,34,26,8,0.765,2.26,-3.42,12,2,16,3,10,3,2701,2356,1370,1007,2017,0.499,221,636,0.347,466,664,0.702,379,1269,527,207,116,421,635
Florida International,31,7,24,0.226,-8.1,-3.27,3,15,6,9,1,13,2178,2282,1270,805,1773,0.454,181,545,0.332,387,516,0.75,315,1051,346,185,67,413,570
Florida State  ,35,26,9,0.743,18.87,8.87,12,6,18,0,3,6,2873,2523,1400,1036,2146,0.483,233,671,0.347,568,824,0.689,409,1324,511,259,180,415,684
Florida  ,36,27,9,0.75,22.4,11.01,14,4,9,1,8,4,2804,2394,1455,953,2118,0.45,278,776,0.358,620,851,0.729,416,1331,450,272,167,431,661
Fordham,32,13,19,0.406,-1.97,1.36,7,11,8,9,5,8,2090,2167,1300,741,1783,0.416,264,791,0.334,344,474,0.726,261,913,429,314,91,418,611
Fresno State,33,20,13,0.606,4.37,2.31,11,7,13,2,6,10,2426,2315,1350,852,1872,0.455,209,593,0.352,513,763,0.672,314,1175,414,277,127,444,718
Furman,35,23,12,0.657,1.46,-3.75,14,4,11,3,12,8,2590,2319,1410,918,1941,0.473,319,828,0.385,435,624,0.697,317,1211,524,245,82,451,613
Gardner-Webb,33,19,14,0.576,-3.08,-5.71,11,7,9,5,8,8,2546,2319,1345,913,1905,0.479,209,552,0.379,511,819,0.624,372,1259,486,291,118,474,670
George Mason,34,20,14,0.588,3.01,1.28,9,9,10,7,7,5,2519,2437,1385,879,1962,0.448,182,542,0.336,579,775,0.747,381,1370,398,169,96,440,570
George Washington,35,20,15,0.571,2.37,2.11,10,8,14,3,5,8,2447,2438,1400,821,1938,0.424,276,743,0.371,529,710,0.745,394,1279,466,192,136,453,541
Georgetown,32,14,18,0.438,11.18,9.31,5,13,9,8,3,7,2369,2309,1290,808,1752,0.461,206,590,0.349,547,746,0.733,305,1142,480,175,147,454,672
Georgia Southern,33,18,15,0.545,-3.63,-2.83,11,7,10,4,6,11,2492,2420,1325,841,1909,0.441,303,837,0.362,507,763,0.664,320,1147,342,224,102,388,641
Georgia State,33,20,13,0.606,-0.33,-2.17,12,6,11,3,6,9,2442,2312,1325,885,1888,0.469,246,690,0.357,426,658,0.647,334,1174,399,236,140,463,673
Georgia Tech,37,21,16,0.568,7.82,8.21,8,10,16,4,3,10,2496,2472,1485,910,2079,0.438,171,516,0.331,505,740,0.682,356,1330,570,245,221,494,592
Georgia,34,19,15,0.559,11.13,10.28,9,9,12,6,5,7,2435,2393,1370,836,1903,0.439,175,538,0.325,588,777,0.757,330,1259,429,182,126,444,632
Gonzaga  ,39,37,2,0.949,25.26,4.13,17,1,15,1,10,0,3222,2398,1560,1149,2280,0.504,286,749,0.382,638,890,0.717,378,1587,595,265,183,448,660
Grambling,33,16,17,0.485,-17.29,-11.89,10,8,11,2,4,12,2361,2412,1340,841,1943,0.433,184,581,0.317,495,747,0.663,398,1108,368,292,76,450,658
Grand Canyon,31,22,9,0.71,-0.16,-4.22,11,3,15,3,5,6,2282,2103,1250,790,1812,0.436,205,619,0.331,497,747,0.665,335,1166,423,233,79,397,539
Green Bay,32,18,14,0.563,-2.77,-2.83,12,6,10,3,7,9,2565,2479,1295,913,2061,0.443,197,612,0.322,542,787,0.689,387,1312,446,247,133,448,632
Hampton,31,14,17,0.452,-13.23,-9.92,11,5,9,4,5,11,2149,2219,1250,751,1844,0.407,196,620,0.316,451,633,0.712,371,1143,364,152,113,435,633
Hartford,32,9,23,0.281,-15.85,-5.56,4,12,6,8,3,15,2136,2465,1295,730,1814,0.402,263,777,0.338,413,591,0.699,292,1046,367,228,118,462,603
Harvard,28,18,10,0.643,2.3,-2.24,10,4,11,3,7,5,2012,1842,1120,699,1564,0.447,229,645,0.355,385,518,0.743,275,1005,403,176,133,359,531
Hawaii,30,14,16,0.467,-6.19,-4.92,8,8,11,8,3,5,2042,2048,1210,698,1650,0.423,214,658,0.325,432,604,0.715,287,966,418,150,57,414,570
High Point,31,15,16,0.484,-9.06,-6.28,9,9,8,8,7,7,2133,2136,1260,732,1693,0.432,196,520,0.377,473,636,0.744,307,1088,389,184,96,407,539
Hofstra,32,15,17,0.469,-2.35,-1.9,7,11,7,7,6,7,2473,2454,1290,846,1908,0.443,291,792,0.367,490,716,0.684,371,1164,419,142,82,341,544
Holy Cross,32,15,17,0.469,-5.26,-3.51,9,9,9,5,6,12,1932,1988,1285,663,1552,0.427,236,685,0.345,370,534,0.693,189,811,426,302,76,351,515
Houston Baptist,31,17,14,0.548,-7.3,-4.44,12,6,13,1,4,12,2441,2398,1240,871,1924,0.453,195,574,0.34,504,721,0.699,425,1199,457,195,81,410,597
Houston,32,21,11,0.656,12.2,3.42,12,6,12,4,6,5,2358,2077,1285,850,1902,0.447,268,681,0.394,390,544,0.717,362,1138,406,170,113,315,601
Howard,34,10,24,0.294,-16.97,-7.97,5,11,6,6,2,16,2163,2433,1360,723,1856,0.39,172,591,0.291,547,833,0.657,420,1257,307,179,126,500,636
Idaho State,31,5,26,0.161,-15.1,-3.37,3,15,4,7,1,16,2164,2486,1250,742,1708,0.434,237,660,0.359,443,648,0.684,225,921,316,224,73,400,578
Idaho,33,19,14,0.576,-5.34,-5.89,12,6,12,3,6,10,2412,2346,1350,809,1870,0.433,255,694,0.367,539,746,0.723,362,1213,422,164,81,421,697
Illinois-Chicago,36,17,19,0.472,-5.95,-3.63,7,11,10,8,5,9,2749,2754,1455,939,2113,0.444,272,746,0.365,599,843,0.711,422,1429,524,197,183,589,678
Illinois State,35,28,7,0.8,10.3,2.71,17,1,16,1,9,4,2418,2146,1405,865,1972,0.439,294,797,0.369,394,593,0.664,369,1293,483,250,170,427,620
Illinois,35,20,15,0.571,10.54,9.25,8,10,14,5,3,7,2508,2417,1405,898,2019,0.445,270,731,0.369,442,643,0.687,342,1217,472,197,83,433,641
Incarnate Word,29,12,17,0.414,-12.14,-5.62,7,11,10,5,2,12,2212,2320,1165,736,1617,0.455,233,601,0.388,507,731,0.694,229,950,362,168,136,391,583
Indiana State,31,11,20,0.355,-1.02,3.18,5,13,8,6,3,10,2170,2255,1275,762,1832,0.416,254,727,0.349,392,576,0.681,264,1111,417,204,126,396,660
Indiana,34,18,16,0.529,14.63,8.16,7,11,14,4,2,8,2711,2491,1390,959,2004,0.479,295,776,0.38,498,683,0.729,413,1328,488,209,157,517,682
Iona  ,35,22,13,0.629,1.08,-2.47,12,8,8,4,7,7,2813,2689,1415,979,2155,0.454,342,862,0.397,513,668,0.768,338,1250,541,239,108,421,669
Iowa State  ,35,24,11,0.686,20.51,11.94,12,6,12,3,5,6,2829,2529,1425,1031,2186,0.472,344,860,0.4,423,604,0.7,318,1219,553,272,124,355,557
Iowa,34,19,15,0.559,10.01,7.54,10,8,15,5,3,7,2738,2654,1395,964,2121,0.455,300,791,0.379,510,741,0.688,408,1306,602,252,130,472,608
IPFW,33,20,13,0.606,0.38,-3.19,8,8,14,3,6,9,2869,2602,1340,1055,2127,0.496,352,876,0.402,407,561,0.725,334,1245,576,255,129,450,592
IUPUI,32,14,18,0.438,-4.29,-1.62,7,9,8,4,5,13,2500,2517,1290,883,1957,0.451,288,743,0.388,446,653,0.683,348,1104,455,217,87,401,655
Jackson State,32,14,18,0.438,-15.42,-11.55,10,8,10,4,4,13,2066,2142,1290,716,1860,0.385,217,730,0.297,417,619,0.674,425,1162,350,197,83,390,648
Jacksonville State  ,35,20,15,0.571,-2.85,-3.24,9,7,5,5,10,9,2434,2378,1410,857,1869,0.459,258,685,0.377,462,647,0.714,355,1244,493,157,134,477,628
Jacksonville,33,17,16,0.515,-10.21,-8.45,5,9,7,7,8,9,2557,2477,1325,878,1885,0.466,327,812,0.403,474,644,0.736,302,1081,445,265,63,424,620
James Madison,33,10,23,0.303,-5.64,-1.83,7,11,6,9,3,13,2194,2299,1335,770,1733,0.444,208,629,0.331,446,622,0.717,310,1133,385,194,89,467,665
Kansas State  ,35,21,14,0.6,14.8,10.48,8,10,11,5,5,6,2523,2372,1405,869,1883,0.461,247,683,0.362,538,775,0.694,330,1132,521,271,130,453,630
Kansas  ,36,31,5,0.861,23.53,12.23,16,2,14,1,10,1,2995,2588,1455,1071,2193,0.488,318,787,0.404,535,789,0.678,428,1393,584,250,162,456,639
Kennesaw State,32,14,18,0.438,-8.44,-5.97,7,7,8,5,6,13,2401,2456,1280,892,1932,0.462,206,495,0.416,411,595,0.691,358,1146,507,163,95,431,613
Kent State  ,36,22,14,0.611,0.88,-1.63,10,8,10,6,7,5,2772,2628,1465,986,2302,0.428,257,803,0.32,543,755,0.719,539,1454,449,230,134,465,685
Kentucky  ,38,32,6,0.842,23.88,10.49,16,2,15,2,7,3,3225,2716,1525,1134,2396,0.473,267,757,0.353,690,980,0.704,470,1512,585,229,200,443,716
La Salle,30,15,15,0.5,1.91,2.94,9,9,11,4,4,8,2266,2297,1220,761,1666,0.457,255,700,0.364,489,638,0.766,249,973,425,191,64,393,559
Lafayette,30,9,21,0.3,-14.68,-3.5,5,13,5,10,4,11,1995,2282,1205,712,1655,0.43,221,662,0.334,350,492,0.711,205,956,378,148,85,436,514
Lamar,34,19,15,0.559,-7.36,-7.93,10,8,12,3,6,11,2623,2434,1375,907,1977,0.459,265,732,0.362,544,813,0.669,389,1189,481,271,95,455,733
Lehigh,32,20,12,0.625,1.54,-3.3,12,6,12,2,8,10,2432,2261,1295,857,1788,0.479,270,689,0.392,448,580,0.772,232,1100,467,215,99,450,539
Liberty,35,21,14,0.6,-5.51,-6.16,14,4,14,5,7,8,2331,2220,1415,779,1787,0.436,319,888,0.359,454,612,0.742,173,990,453,229,65,363,670
Lipscomb,33,20,13,0.606,-1.55,-4.45,11,3,11,5,9,6,2804,2562,1325,939,1978,0.475,340,928,0.366,586,811,0.723,340,1213,599,218,104,500,702
Long Beach State,34,15,19,0.441,-5.98,-0.6,9,7,10,2,3,15,2549,2666,1385,895,2035,0.44,216,616,0.351,543,750,0.724,396,1212,447,199,92,488,682
Long Island University,32,20,12,0.625,-7.8,-8.51,13,5,8,5,9,6,2278,2218,1295,803,1846,0.435,184,534,0.345,488,710,0.687,423,1242,350,186,107,460,641
Longwood,30,6,24,0.2,-21.23,-6.16,3,15,5,9,1,15,2018,2408,1200,738,1660,0.445,186,568,0.327,356,487,0.731,218,922,324,175,124,456,539
Louisiana-Lafayette,33,21,12,0.636,-0.64,-3.28,10,8,12,4,8,7,2704,2518,1325,945,2022,0.467,231,673,0.343,583,839,0.695,442,1252,475,233,91,440,621
Louisiana-Monroe,33,9,24,0.273,-7.88,-2.56,2,16,6,8,2,12,2198,2299,1350,814,1916,0.425,237,713,0.332,333,498,0.669,347,1174,443,154,73,433,576
Louisiana State,31,10,21,0.323,0.53,8.69,2,16,8,8,1,10,2319,2572,1240,853,1893,0.451,196,584,0.336,417,599,0.696,355,1115,397,186,110,451,593
Louisiana Tech,33,23,10,0.697,5.2,-4.35,14,4,15,2,6,7,2557,2203,1325,911,1952,0.467,257,711,0.361,478,674,0.709,335,1244,543,223,176,407,519
Louisville  ,34,25,9,0.735,22.47,11.15,12,6,16,1,5,5,2628,2243,1370,952,2085,0.457,238,670,0.355,486,708,0.686,457,1343,461,227,186,374,652
Loyola (IL),32,18,14,0.563,5.15,1.02,8,10,13,3,3,9,2348,2137,1300,852,1754,0.486,259,665,0.389,385,543,0.709,218,1000,474,218,76,377,545
Loyola Marymount,30,15,15,0.5,-0.47,1.6,8,10,10,7,5,7,2113,2125,1205,779,1755,0.444,217,614,0.353,338,545,0.62,332,1022,444,228,120,395,610
Loyola (MD),33,16,17,0.485,-6.32,-3.6,8,10,10,4,6,11,2175,2249,1330,753,1791,0.42,177,538,0.329,492,711,0.692,381,1113,385,240,113,496,636
Maine,32,7,25,0.219,-16.33,-4.01,3,13,4,9,3,14,2069,2400,1280,746,1852,0.403,212,665,0.319,365,558,0.654,325,1122,377,165,63,419,562
Manhattan,32,10,22,0.313,-9.67,-2.61,5,15,7,7,3,13,2259,2485,1305,754,1813,0.416,209,636,0.329,542,743,0.729,355,1118,350,224,103,530,790
Marist,32,8,24,0.25,-12.33,-2.74,5,15,5,8,2,14,2223,2530,1290,749,1747,0.429,245,736,0.333,480,662,0.725,235,998,352,146,83,409,628
Marquette  ,32,19,13,0.594,15.26,8.6,10,8,14,3,4,6,2631,2418,1285,919,1888,0.487,336,783,0.429,457,585,0.781,280,1058,525,231,115,396,620
Marshall,35,20,15,0.571,0.18,-1.05,10,8,13,3,4,11,2997,2939,1415,1021,2237,0.456,356,962,0.37,599,816,0.734,325,1291,576,211,140,433,643
Maryland-Baltimore County,34,21,13,0.618,-3.84,-5.87,9,7,13,5,8,8,2759,2624,1390,957,2041,0.469,330,840,0.393,515,691,0.745,307,1199,507,224,80,411,625
Maryland-Eastern Shore,34,14,20,0.412,-13.77,-7.61,9,7,7,4,5,14,2424,2583,1380,854,2013,0.424,262,765,0.342,456,668,0.683,337,1142,449,193,89,425,665
Maryland  ,33,24,9,0.727,12.79,8.29,12,6,13,5,8,2,2438,2246,1325,827,1840,0.449,272,757,0.359,512,732,0.699,351,1173,472,180,154,426,613
Massachusetts-Lowell,31,11,20,0.355,-10.13,-6.4,5,11,8,6,2,14,2429,2517,1255,877,1825,0.481,258,662,0.39,417,567,0.735,280,1038,495,171,64,474,622
Massachusetts,33,15,18,0.455,1.63,1.66,4,14,11,7,3,10,2371,2372,1320,847,1939,0.437,234,789,0.297,443,671,0.66,333,1185,529,250,169,489,722
McNeese State,29,7,22,0.241,-14.28,-4.12,4,14,4,10,3,12,2043,2292,1165,715,1697,0.421,195,587,0.332,418,610,0.685,285,977,302,159,91,403,573
Memphis,32,19,13,0.594,6.47,3.19,9,9,14,4,4,7,2367,2262,1290,852,1926,0.442,181,613,0.295,482,706,0.683,373,1172,508,221,150,368,534
Mercer,32,15,17,0.469,-1.12,-0.92,9,9,8,7,6,7,2269,2184,1295,787,1774,0.444,244,698,0.35,449,574,0.782,367,1174,433,134,74,367,546
Miami (FL)  ,33,21,12,0.636,14.48,9.57,10,8,14,2,4,6,2278,2116,1325,813,1800,0.452,209,587,0.356,443,617,0.718,363,1176,389,213,125,417,513
Miami (OH),32,11,21,0.344,-8.16,-2.1,4,14,10,8,1,13,2249,2384,1290,787,1815,0.434,199,647,0.308,476,689,0.691,298,1091,364,238,125,467,642
Michigan State  ,35,20,15,0.571,13.67,10.5,10,8,14,2,2,7,2515,2404,1405,905,1927,0.47,273,732,0.373,432,646,0.669,328,1275,591,151,162,490,699
Michigan  ,38,26,12,0.684,18.8,10.17,10,8,15,3,3,8,2851,2523,1535,1002,2076,0.483,361,937,0.385,486,624,0.779,280,1111,527,220,108,348,571
Middle Tennessee  ,36,31,5,0.861,9.8,-0.48,17,1,13,2,11,2,2697,2299,1445,1014,2077,0.488,228,622,0.367,441,631,0.699,355,1273,552,242,100,374,655
Milwaukee,35,11,24,0.314,-7.37,-2.17,4,14,5,8,2,13,2347,2494,1430,860,1949,0.441,272,782,0.348,355,538,0.66,280,1107,467,164,53,409,641
Minnesota  ,34,24,10,0.706,14.56,8.82,11,7,17,3,5,5,2556,2361,1390,887,2037,0.435,209,610,0.343,573,806,0.711,378,1341,507,194,227,393,577
Mississippi State,32,16,16,0.5,7.12,5.9,6,12,10,7,2,8,2320,2281,1285,821,1849,0.444,247,711,0.347,431,627,0.687,310,1130,386,239,131,433,638
Mississippi Valley State,32,7,25,0.219,-20.54,-7.11,7,11,5,4,2,20,2235,2665,1295,818,1942,0.421,174,508,0.343,423,651,0.65,385,1108,374,218,60,460,624
Mississippi,36,22,14,0.611,9.65,7.99,10,8,13,6,6,6,2807,2747,1450,914,2162,0.423,283,815,0.347,696,926,0.752,458,1422,465,243,149,516,702
Missouri-Kansas City,35,18,17,0.514,-4.97,-1.06,8,6,12,5,4,10,2691,2753,1405,911,2076,0.439,315,848,0.371,554,777,0.713,353,1213,451,236,92,510,772
Missouri State,33,17,16,0.515,2.84,1.18,7,11,11,6,4,8,2403,2277,1345,838,1895,0.442,270,744,0.363,457,652,0.701,377,1212,403,176,127,406,585
Missouri,32,8,24,0.25,2.98,6.73,2,16,6,11,0,9,2213,2333,1290,744,1893,0.393,225,739,0.304,500,732,0.683,357,1168,386,200,68,384,647
Monmouth,34,27,7,0.794,4.94,-2.62,18,2,13,2,12,4,2761,2504,1375,929,2127,0.437,303,813,0.373,600,793,0.757,380,1310,431,235,155,425,697
Montana State,32,16,16,0.5,-6.14,-5.88,11,7,12,5,4,10,2561,2532,1320,857,1968,0.435,320,853,0.375,527,722,0.73,336,1167,423,181,74,393,732
Montana,32,16,16,0.5,-2.67,-4.02,11,7,8,5,7,8,2391,2348,1290,843,1879,0.449,238,667,0.357,467,621,0.752,310,1084,416,181,91,345,699
Morehead State,30,14,16,0.467,-3.6,-1.85,10,6,10,4,4,11,2370,2311,1215,878,1906,0.461,219,568,0.386,395,544,0.726,396,1129,482,202,95,404,633
Morgan State,30,14,16,0.467,-15.03,-11.2,11,5,9,5,5,10,2025,2121,1210,691,1793,0.385,159,541,0.294,484,681,0.711,424,1168,322,170,101,420,602
Mount St. Mary's  ,36,20,16,0.556,-4.29,-3.51,14,4,11,4,8,11,2446,2474,1445,877,1977,0.444,261,730,0.358,431,640,0.673,276,1082,403,222,142,472,640
Murray State,33,16,17,0.485,-3.06,-4.41,8,8,10,4,3,11,2639,2543,1350,899,2040,0.441,289,803,0.36,552,751,0.735,399,1243,458,198,75,403,659
Navy,32,16,16,0.5,-4.11,-3.92,10,8,11,5,5,9,2076,2055,1285,735,1740,0.422,206,670,0.307,400,624,0.641,424,1134,433,227,66,464,594
Nebraska-Omaha,32,18,14,0.563,-2.24,-1.11,9,7,8,4,8,9,2685,2673,1295,895,1972,0.454,297,765,0.388,598,799,0.748,338,1149,442,262,107,444,616
Nebraska,31,12,19,0.387,6.47,10.74,6,12,8,8,3,8,2168,2264,1260,793,1906,0.416,179,560,0.32,403,568,0.71,411,1187,354,211,116,411,577
Nevada-Las Vegas,32,11,21,0.344,-3.75,2.59,4,14,9,10,2,9,2202,2405,1295,747,1893,0.395,213,666,0.32,495,711,0.696,365,1210,412,189,85,410,539
Nevada  ,35,28,7,0.8,10.49,2.03,14,4,13,1,8,4,2792,2496,1405,933,2082,0.448,320,837,0.382,606,859,0.705,386,1351,559,189,152,386,581
New Hampshire,32,20,12,0.625,-3.57,-4.46,10,6,11,4,9,8,2277,2118,1300,783,1787,0.438,256,727,0.352,455,628,0.725,324,1227,398,129,59,401,505
New Mexico State  ,34,28,6,0.824,4.66,-3.82,11,3,17,1,8,4,2678,2310,1365,913,1957,0.467,252,747,0.337,600,843,0.712,436,1339,505,166,128,465,627
New Mexico,31,17,14,0.548,3.04,2.07,10,8,11,4,5,7,2283,2253,1245,778,1693,0.46,145,444,0.327,582,780,0.746,274,1071,419,189,109,403,611
New Orleans  ,32,20,12,0.625,-4.1,-5.34,13,5,11,3,7,8,2331,2215,1300,830,1755,0.473,139,438,0.317,532,749,0.71,386,1140,500,252,97,534,562
Niagara,33,10,23,0.303,-8.34,-4.37,6,14,5,8,3,13,2448,2579,1335,846,2035,0.416,244,667,0.366,512,683,0.75,389,1260,416,172,152,428,604
Nicholls State,31,14,17,0.452,-14.57,-5.23,7,11,10,3,4,14,2316,2464,1255,771,1804,0.427,278,805,0.345,496,671,0.739,303,1020,430,234,190,451,599
NJIT,31,11,20,0.355,-10.12,-4.22,3,11,8,4,2,15,2253,2320,1245,786,1857,0.423,258,775,0.333,421,599,0.703,343,1134,395,203,89,418,599
Norfolk State,34,17,17,0.5,-12.07,-8.57,12,4,10,2,5,12,2374,2430,1380,827,1949,0.424,225,663,0.339,495,727,0.681,365,1307,375,173,180,502,705
North Carolina-Asheville,33,23,10,0.697,0.84,-5.61,15,3,13,1,10,8,2544,2261,1345,908,1908,0.476,264,670,0.394,464,681,0.681,281,1096,512,306,64,384,553
North Carolina A&T,32,3,29,0.094,-23.07,-9.61,1,15,3,10,0,18,2056,2435,1300,728,1716,0.424,200,610,0.328,400,587,0.681,351,1102,352,144,69,466,629
North Carolina Central  ,34,25,9,0.735,-3.18,-12.12,13,3,11,2,11,6,2542,2159,1360,910,2005,0.454,255,761,0.335,467,684,0.683,397,1313,480,209,112,406,587
North Carolina-Greensboro,35,25,10,0.714,-0.1,-2.63,14,4,13,4,8,5,2628,2424,1400,947,2043,0.464,308,807,0.382,426,603,0.706,405,1243,525,245,133,474,638
North Carolina State,32,15,17,0.469,6.09,8.09,4,14,11,7,2,8,2483,2547,1290,888,1898,0.468,226,635,0.356,481,687,0.7,329,1161,457,162,140,428,582
North Carolina-Wilmington  ,35,29,6,0.829,8.06,-0.55,15,3,13,1,11,3,2967,2624,1405,1071,2231,0.48,336,917,0.366,489,708,0.691,422,1261,564,234,115,363,699
North Carolina  ,40,33,7,0.825,24.84,11.76,14,4,16,0,6,5,3377,2824,1605,1226,2633,0.466,283,798,0.355,642,916,0.701,630,1748,722,283,139,473,711
North Dakota State,30,19,11,0.633,-1.31,-2.63,11,5,11,2,7,7,2244,2146,1215,775,1693,0.458,232,630,0.368,462,650,0.711,258,1047,365,183,111,348,501
North Dakota  ,32,22,10,0.688,-1.83,-5.45,14,4,11,2,7,6,2578,2357,1300,926,1919,0.483,228,585,0.39,498,698,0.713,297,1146,487,251,93,419,672
North Florida,34,15,19,0.441,-7.78,-1.65,8,6,10,5,4,13,2637,2674,1360,926,2025,0.457,295,841,0.351,490,748,0.655,423,1321,447,185,143,542,639
North Texas,30,8,22,0.267,-11.14,-3.32,2,16,7,11,1,11,2075,2258,1205,740,1747,0.424,186,582,0.32,409,633,0.646,300,1075,338,199,95,410,567
Northeastern,31,15,16,0.484,-0.78,-0.91,8,10,7,4,7,10,2234,2230,1255,767,1682,0.456,267,728,0.367,433,636,0.681,264,1039,414,170,112,390,522
Northern Arizona,32,9,23,0.281,-13.92,-5.95,6,12,5,7,2,12,2217,2436,1285,769,1892,0.406,239,746,0.32,440,644,0.683,382,1218,440,142,63,465,590
Northern Colorado,29,11,18,0.379,-9.27,-4.2,7,11,6,6,4,11,2075,2167,1170,732,1666,0.439,254,732,0.347,357,590,0.605,310,1075,392,147,64,407,563
Northern Illinois,32,15,17,0.469,-3.29,-2.05,7,11,9,8,6,9,2310,2261,1310,828,1891,0.438,161,516,0.312,493,728,0.677,400,1211,347,226,80,429,618
Northern Iowa,30,14,16,0.467,1.29,5.22,9,9,9,4,3,9,1854,1931,1215,622,1559,0.399,229,702,0.326,381,520,0.733,182,878,298,197,84,342,464
Northern Kentucky  ,35,24,11,0.686,-0.17,-2.84,12,6,12,2,8,7,2659,2507,1400,928,2037,0.456,300,859,0.349,503,740,0.68,391,1319,486,200,98,468,622
Northwestern State,29,13,16,0.448,-12.03,-6.07,7,11,7,6,5,10,2204,2301,1170,751,1698,0.442,203,555,0.366,499,723,0.69,337,1049,405,196,77,439,568
Northwestern  ,36,24,12,0.667,14.02,8.43,10,8,14,4,5,5,2558,2357,1440,913,2094,0.436,256,747,0.343,476,637,0.747,386,1304,540,190,175,383,691
Notre Dame  ,36,26,10,0.722,17.81,9.78,12,6,16,2,5,4,2783,2494,1445,980,2139,0.458,334,869,0.384,489,611,0.8,334,1212,566,255,134,341,533
Oakland,34,25,9,0.735,4.22,-3,14,4,13,4,11,3,2699,2419,1365,935,2057,0.455,247,738,0.335,582,765,0.761,353,1324,576,266,170,462,592
Ohio State,32,17,15,0.531,10.31,7.28,7,11,13,6,4,7,2329,2232,1285,827,1786,0.463,211,592,0.356,464,680,0.682,324,1191,434,166,121,423,562
Ohio,31,20,11,0.645,3.9,-2.56,11,7,12,4,7,6,2387,2166,1240,835,1837,0.455,285,742,0.384,432,626,0.69,284,1141,415,182,88,388,550
Oklahoma State  ,33,20,13,0.606,19.19,12.22,9,9,11,5,7,5,2828,2589,1320,957,2050,0.467,294,732,0.402,620,786,0.789,454,1215,486,252,99,432,730
Oklahoma,31,11,20,0.355,11.42,12.62,5,13,8,7,1,9,2262,2299,1265,788,1863,0.423,192,558,0.344,494,685,0.721,361,1173,328,213,147,428,602
Old Dominion,31,19,12,0.613,1.94,-1.35,12,6,11,4,7,5,1998,1896,1250,727,1765,0.412,157,485,0.324,387,602,0.643,412,1190,422,196,142,348,566
Oral Roberts,30,8,22,0.267,-5.51,1.24,4,12,7,6,1,13,2252,2398,1210,810,1819,0.445,216,588,0.367,416,548,0.759,278,1034,423,162,88,360,534
Oregon State,32,5,27,0.156,-4.59,5.89,1,17,5,11,0,13,2021,2321,1285,721,1686,0.428,203,586,0.346,376,569,0.661,290,1038,380,177,118,491,611
Oregon  ,39,33,6,0.846,20.8,8.38,16,2,17,0,7,3,3076,2565,1565,1091,2270,0.481,334,880,0.38,560,787,0.712,412,1431,614,253,248,454,614
Pacific,33,11,22,0.333,-4.57,2.09,4,14,8,8,2,12,2206,2371,1325,784,1939,0.404,185,560,0.33,453,671,0.675,385,1225,396,140,63,386,690
Penn State,33,15,18,0.455,7.9,8.9,6,12,9,7,3,7,2367,2400,1345,825,1989,0.415,230,679,0.339,487,654,0.745,330,1166,449,224,184,430,596
Pennsylvania,28,13,15,0.464,-0.65,-1.5,6,8,6,6,7,8,1928,1904,1125,710,1603,0.443,234,690,0.339,274,417,0.657,267,972,401,181,100,358,501
Pepperdine,31,9,22,0.29,-10,1.87,5,13,7,7,1,12,2140,2490,1240,807,1811,0.446,178,482,0.369,348,543,0.641,295,1033,420,157,84,389,531
Pittsburgh,33,16,17,0.485,9.25,11.06,4,14,11,6,2,8,2404,2464,1340,807,1825,0.442,263,728,0.361,527,719,0.733,314,1158,473,127,112,396,548
Portland State,31,15,16,0.484,-7.06,-6.63,7,11,10,3,4,12,2645,2535,1280,959,1991,0.482,238,697,0.341,489,743,0.658,322,1064,491,307,81,376,590
Portland,33,11,22,0.333,-5.81,2.32,2,16,5,10,2,9,2215,2383,1335,758,1793,0.423,214,573,0.373,485,655,0.74,278,1098,325,163,112,424,581
Prairie View,33,13,20,0.394,-14.54,-8.48,10,8,10,3,3,17,2276,2419,1330,788,1839,0.428,237,678,0.35,463,659,0.703,292,1019,404,273,121,436,700
Presbyterian,30,5,25,0.167,-23.63,-5.95,1,17,5,8,0,17,1836,2245,1205,667,1618,0.412,181,523,0.346,321,468,0.686,300,979,364,143,72,451,519
Princeton  ,30,23,7,0.767,6.57,-1.84,14,0,10,1,10,4,2149,1843,1205,772,1716,0.45,298,789,0.378,307,416,0.738,247,1003,426,200,93,298,482
Providence  ,33,20,13,0.606,11.24,7.84,10,8,15,3,4,7,2319,2207,1325,804,1795,0.448,239,645,0.371,472,683,0.691,294,1101,471,218,98,412,569
Purdue  ,35,27,8,0.771,20.13,8.79,14,4,15,2,6,4,2790,2393,1415,980,2044,0.479,315,782,0.403,515,680,0.757,344,1322,640,181,87,455,552
Quinnipiac,31,10,21,0.323,-9.86,-3.22,7,13,6,8,3,10,2377,2583,1250,848,2008,0.422,228,700,0.326,453,663,0.683,432,1223,447,178,111,448,607
Radford,32,14,18,0.438,-11.34,-4.58,8,10,8,6,4,11,2090,2247,1300,745,1802,0.413,247,715,0.345,353,530,0.666,396,1219,393,153,114,470,550
Rhode Island  ,35,25,10,0.714,12.88,4.62,13,5,13,3,7,5,2577,2288,1405,916,2019,0.454,217,653,0.332,528,791,0.668,409,1301,467,227,206,389,725
Rice,35,23,12,0.657,0.51,-4.16,11,7,13,6,9,5,2853,2650,1415,946,2048,0.462,326,840,0.388,635,858,0.74,353,1331,484,221,129,524,669
Richmond,35,22,13,0.629,5.45,3.28,13,5,12,5,8,6,2596,2520,1410,938,1993,0.471,271,793,0.342,449,630,0.713,236,1078,592,232,67,399,634
Rider,33,18,15,0.545,-5.34,-5.28,10,10,7,5,9,9,2498,2500,1325,907,2034,0.446,179,539,0.332,505,752,0.672,421,1331,466,219,119,481,650
Robert Morris,33,14,19,0.424,-8.56,-5.13,9,9,6,7,6,12,2125,2238,1325,728,1818,0.4,183,574,0.319,486,750,0.648,363,1139,348,261,80,497,671
Rutgers,33,15,18,0.455,3.69,6.22,3,15,10,6,3,10,2163,2215,1325,809,1967,0.411,152,502,0.303,393,631,0.623,480,1319,360,217,153,437,584
Sacramento State,31,13,18,0.419,-10.69,-5.58,9,9,8,5,4,10,2204,2303,1260,808,1759,0.459,160,506,0.316,428,657,0.651,306,1100,408,145,135,360,568
Sacred Heart,32,13,19,0.406,-10.95,-7.52,8,10,6,8,6,10,2326,2436,1305,832,1882,0.442,200,597,0.335,462,659,0.701,361,1194,459,217,86,516,617
Saint Francis (PA),34,17,17,0.5,-8.13,-7.65,11,7,8,6,9,11,2577,2533,1375,943,2021,0.467,277,709,0.391,414,598,0.692,342,1243,472,225,136,491,551
Saint Joseph's,31,11,20,0.355,0.14,3.69,4,14,6,8,4,9,2155,2265,1250,755,1808,0.418,174,537,0.324,471,725,0.65,351,1132,352,150,106,371,547
Saint Louis,33,12,21,0.364,-6.09,1.85,6,12,10,8,1,10,2026,2288,1330,700,1733,0.404,230,672,0.342,396,597,0.663,279,1093,423,164,95,441,639
Saint Mary's (CA)  ,34,29,5,0.853,16.75,2.19,16,2,15,2,10,1,2449,1954,1360,892,1797,0.496,293,744,0.394,372,499,0.745,324,1205,563,143,110,365,512
Saint Peter's,36,23,13,0.639,1.6,-3.6,14,6,9,5,11,7,2376,2189,1450,825,1891,0.436,288,755,0.381,438,625,0.701,297,1182,440,251,106,398,571
Sam Houston State,34,21,13,0.618,-7.55,-6.35,10,8,14,2,5,9,2526,2424,1365,898,2055,0.437,212,671,0.316,518,755,0.686,401,1283,507,239,93,466,758
Samford,36,20,16,0.556,-1.87,-3.7,8,10,10,6,8,9,2834,2733,1490,955,2038,0.469,279,707,0.395,645,868,0.743,345,1300,581,222,88,493,678
San Diego State,33,19,14,0.576,6.88,1.47,9,9,10,4,3,9,2260,2064,1325,782,1878,0.416,233,736,0.317,463,663,0.698,350,1199,360,227,164,387,572
San Diego,31,13,18,0.419,-5.78,0.92,6,12,7,10,6,7,2025,2210,1265,666,1636,0.407,258,741,0.348,435,603,0.721,254,1028,376,121,54,379,600
San Francisco,33,20,13,0.606,3.8,0.42,10,8,12,4,5,7,2362,2222,1320,868,1934,0.449,299,855,0.35,327,514,0.636,314,1187,428,220,92,415,639
San Jose State,30,14,16,0.467,-2.84,1.74,7,11,9,7,5,8,2195,2245,1205,772,1750,0.441,200,574,0.348,451,643,0.701,267,1015,417,190,124,377,589
Santa Clara,33,17,16,0.515,2.69,2.03,10,8,11,6,5,7,2204,2158,1340,778,1784,0.436,318,832,0.382,330,451,0.732,203,980,464,170,65,341,617
Savannah State,29,13,16,0.448,-16.04,-8.44,10,6,7,4,6,10,2485,2665,1165,833,2030,0.41,392,1182,0.332,427,659,0.648,358,1169,501,226,94,431,571
Seattle,30,13,17,0.433,-8.36,-3.95,5,9,9,7,3,9,2091,2141,1225,713,1646,0.433,260,756,0.344,405,573,0.707,223,1011,476,199,62,436,568
Seton Hall  ,33,21,12,0.636,12.1,9.25,10,8,12,2,4,6,2417,2323,1335,872,1949,0.447,202,598,0.338,471,733,0.643,439,1311,405,228,82,449,613
Siena,34,17,17,0.5,-2,-2.23,12,8,10,4,5,12,2549,2541,1365,899,1989,0.452,186,568,0.327,565,795,0.711,430,1284,460,199,140,476,664
South Alabama,32,14,18,0.438,-6.57,-2.9,7,11,10,7,4,10,2286,2322,1300,793,1859,0.427,223,702,0.318,475,725,0.655,333,1108,408,240,119,419,653
South Carolina State,31,11,20,0.355,-18.37,-6.61,7,9,6,4,4,14,2167,2486,1250,796,1849,0.431,185,578,0.32,390,564,0.691,320,991,380,154,64,383,594
South Carolina Upstate,33,17,16,0.515,-7.64,-5.23,7,7,8,8,7,8,2575,2530,1335,936,2042,0.458,284,821,0.346,419,638,0.657,396,1279,508,179,104,421,545
South Carolina  ,37,26,11,0.703,17.52,10.16,12,6,15,3,6,5,2707,2414,1505,924,2197,0.421,248,733,0.338,611,874,0.699,464,1346,468,288,142,480,751
South Dakota State  ,35,18,17,0.514,-2.3,-0.66,8,8,11,3,3,12,2683,2697,1415,881,1938,0.455,318,883,0.36,603,782,0.771,316,1229,459,180,83,453,584
South Dakota,34,22,12,0.647,-0.42,-2.08,12,4,13,1,7,7,2639,2513,1365,907,2044,0.444,224,657,0.341,601,852,0.705,355,1268,415,231,115,402,657
South Florida,30,7,23,0.233,-7.28,2.39,1,17,6,11,1,11,1945,2235,1205,716,1684,0.425,174,503,0.346,339,516,0.657,328,1053,365,183,115,489,579
Southeast Missouri State,33,15,18,0.455,-5.89,-4.28,9,7,10,4,4,11,2460,2464,1330,852,1897,0.449,263,716,0.367,493,664,0.742,289,1024,454,248,63,410,644
Southeastern Louisiana,32,16,16,0.5,-7.36,-8.13,9,9,11,3,5,12,2268,2182,1280,796,1770,0.45,215,593,0.363,461,675,0.683,384,1154,455,218,106,512,619
Southern California  ,36,26,10,0.722,11.48,6.4,10,8,14,3,6,5,2816,2633,1445,975,2139,0.456,283,782,0.362,583,787,0.741,387,1286,550,252,190,398,571
SIU Edwardsville,30,6,24,0.2,-12.25,-3.29,1,15,3,10,2,13,2044,2282,1210,687,1686,0.407,142,486,0.292,528,780,0.677,353,1073,305,142,85,436,657
Southern Illinois,33,17,16,0.515,1.09,2.65,9,9,11,6,5,9,2260,2289,1340,808,1866,0.433,175,554,0.316,469,674,0.696,348,1114,375,225,128,398,594
Southern Methodist  ,35,30,5,0.857,18.71,4.45,17,1,18,0,8,3,2599,2100,1400,914,1934,0.473,286,705,0.406,485,696,0.697,416,1335,566,200,117,377,506
Southern Mississippi,31,9,22,0.29,-13.4,-2.78,6,12,8,6,1,12,1952,2239,1260,690,1728,0.399,200,655,0.305,372,526,0.707,258,1058,376,145,64,405,527
Southern Utah,33,6,27,0.182,-15.58,-5.39,3,15,3,10,2,14,2559,2814,1335,815,2004,0.407,291,815,0.357,638,861,0.741,383,1218,381,185,107,452,803
Southern,33,15,18,0.455,-14.48,-11.68,10,8,11,4,4,13,2360,2401,1325,825,1887,0.437,163,510,0.32,547,786,0.696,405,1247,384,184,121,453,635
St. Bonaventure,32,20,12,0.625,5.95,1.48,11,7,11,4,5,5,2459,2316,1290,825,1864,0.443,201,577,0.348,608,791,0.769,369,1153,423,230,138,401,668
St. Francis (NY),31,4,27,0.129,-19.24,-6.54,2,16,3,10,0,16,1921,2284,1250,650,1871,0.347,221,792,0.279,400,616,0.649,390,1078,287,208,89,379,672
St. John's (NY),33,14,19,0.424,6.45,8.39,7,11,9,5,4,9,2534,2598,1320,866,2000,0.433,278,763,0.364,524,722,0.726,337,1137,446,224,197,433,688
Stanford,31,14,17,0.452,6.39,8.59,6,12,10,5,1,10,2162,2204,1245,772,1753,0.44,157,490,0.32,461,676,0.682,316,1067,421,211,79,399,604
Stephen F. Austin,33,18,15,0.545,-7.01,-5.75,12,6,12,2,4,10,2289,2271,1330,783,1754,0.446,193,605,0.319,530,735,0.721,378,1147,409,223,100,578,716
Stetson,32,11,21,0.344,-14.21,-5.45,3,11,7,7,4,13,2471,2654,1285,886,2007,0.441,261,770,0.339,438,665,0.659,274,1128,436,155,71,362,608
Stony Brook,32,18,14,0.563,-4.71,-5.05,12,4,10,6,7,8,2215,2204,1280,759,1878,0.404,250,764,0.327,445,617,0.721,358,1108,391,174,102,325,622
Syracuse,34,19,15,0.559,13.7,8.47,10,8,17,4,2,8,2594,2416,1370,894,1950,0.458,300,791,0.379,506,685,0.739,363,1183,532,275,159,418,542
Temple,32,16,16,0.5,4.84,5.09,7,11,9,7,4,8,2269,2277,1295,808,1916,0.422,287,807,0.356,366,506,0.723,320,1096,464,208,128,365,584
Tennessee-Martin,35,22,13,0.629,-4.7,-4.34,10,6,14,2,7,10,2693,2630,1415,966,2066,0.468,287,812,0.353,474,689,0.688,453,1312,555,228,123,528,606
Tennessee State,30,17,13,0.567,-1.57,-2.96,8,8,7,5,8,7,2134,2032,1220,744,1680,0.443,170,502,0.339,476,688,0.692,366,1117,339,201,102,452,633
Tennessee Tech,32,12,20,0.375,-7.6,-4.17,8,8,7,8,5,11,2317,2340,1300,785,1860,0.422,241,742,0.325,506,715,0.708,356,1144,435,213,115,434,675
Tennessee,32,16,16,0.5,11.28,10.18,8,10,11,6,4,7,2383,2335,1285,803,1903,0.422,189,579,0.326,588,807,0.729,388,1206,441,175,146,399,670
Texas A&M-Corpus Christi,36,24,12,0.667,-2.97,-5.79,12,6,16,2,7,9,2715,2574,1455,974,2071,0.47,195,588,0.332,572,792,0.722,368,1227,486,337,142,485,703
Texas A&M,31,16,15,0.516,10.36,7.97,8,10,11,5,3,7,2176,2102,1240,804,1754,0.458,189,574,0.329,379,584,0.649,401,1193,489,186,173,439,511
Texas-Arlington,36,27,9,0.75,5.92,-0.87,14,4,14,1,12,7,2818,2516,1440,999,2168,0.461,310,920,0.337,510,749,0.681,430,1384,566,266,81,472,691
Texas Christian,39,24,15,0.615,15.64,10.95,6,12,15,6,4,8,2914,2718,1570,1064,2284,0.466,280,790,0.354,506,738,0.686,453,1404,661,256,175,504,676
Texas-El Paso,32,15,17,0.469,-3.13,-2.51,12,6,8,8,5,6,2217,2202,1300,812,1731,0.469,180,517,0.348,413,624,0.662,235,1101,463,172,99,427,618
Texas-Rio Grande Valley,32,10,22,0.313,-11.44,-3.68,2,12,7,7,1,14,2505,2665,1305,869,2050,0.424,276,821,0.336,491,685,0.717,382,1180,484,246,82,507,780
Texas-San Antonio,33,14,19,0.424,-7.42,-3.03,8,10,11,3,2,15,2178,2291,1320,769,1959,0.393,172,608,0.283,468,703,0.666,425,1293,357,183,62,418,642
Texas Southern  ,35,23,12,0.657,-6.41,-7.81,16,2,10,0,11,11,2593,2544,1410,866,2015,0.43,205,693,0.296,656,893,0.735,401,1228,409,250,111,407,607
Texas State,36,22,14,0.611,-2.23,-4.29,11,7,13,4,5,9,2407,2256,1455,865,1933,0.447,217,657,0.33,460,696,0.661,345,1211,526,237,160,423,642
Texas Tech,32,18,14,0.563,14.11,7.86,6,12,16,3,1,9,2346,2146,1300,835,1776,0.47,212,577,0.367,464,633,0.733,299,1050,427,169,98,354,562
Texas,33,11,22,0.333,10.99,12.75,4,14,10,7,0,11,2215,2273,1320,810,1846,0.439,181,619,0.292,414,637,0.65,323,1133,376,190,149,443,588
Toledo,34,17,17,0.5,1.16,-0.9,9,9,12,4,4,10,2675,2567,1410,944,1966,0.48,262,724,0.362,525,755,0.695,339,1274,551,135,92,447,574
Towson,33,20,13,0.606,1.84,-1.28,11,7,12,3,6,8,2447,2285,1335,850,1900,0.447,155,499,0.311,592,868,0.682,445,1305,348,226,118,426,686
Troy  ,37,22,15,0.595,-0.47,-3.36,10,8,10,4,6,10,2889,2667,1485,982,2153,0.456,311,867,0.359,614,847,0.725,409,1362,484,221,129,462,654
Tulane,31,6,25,0.194,-3.98,4.25,3,15,4,10,2,10,2179,2434,1255,751,1856,0.405,221,683,0.324,456,636,0.717,349,1062,398,192,119,420,646
Tulsa,32,15,17,0.469,2.45,5.29,8,10,10,5,3,9,2158,2249,1285,701,1673,0.419,234,683,0.343,522,716,0.729,311,1112,362,145,80,473,579
UCLA  ,36,31,5,0.861,20.67,6.39,15,3,16,1,8,2,3233,2719,1440,1210,2320,0.522,354,872,0.406,459,622,0.738,343,1386,771,212,191,404,583
Utah State,32,15,17,0.469,2.9,2.46,7,11,11,5,3,8,2337,2248,1285,828,1779,0.465,245,646,0.379,436,624,0.699,256,1144,492,159,92,391,605
Utah Valley,34,17,17,0.5,-1.22,-2.44,6,8,8,5,8,11,2615,2479,1385,886,2028,0.437,300,937,0.32,543,767,0.708,306,1350,530,216,123,522,667
Utah,32,20,12,0.625,12.45,4.32,11,7,14,4,5,6,2511,2180,1290,936,1856,0.504,215,609,0.353,424,622,0.682,321,1217,476,195,113,431,539
Valparaiso,33,24,9,0.727,3.94,-1.59,14,4,15,2,7,6,2465,2274,1330,848,1912,0.444,217,670,0.324,552,712,0.775,351,1251,422,211,96,425,621
Vanderbilt  ,35,19,16,0.543,13.69,10.72,10,8,11,5,5,6,2489,2385,1405,815,1896,0.43,346,921,0.376,513,660,0.777,286,1208,450,147,133,430,581
Vermont  ,35,29,6,0.829,6.67,-3.27,16,0,16,1,11,3,2571,2174,1400,943,1909,0.494,229,621,0.369,456,651,0.7,326,1192,476,199,151,392,555
Villanova  ,36,32,4,0.889,23.8,9.28,15,3,14,1,9,2,2779,2256,1440,965,1948,0.495,311,843,0.369,538,681,0.79,316,1208,505,259,109,402,515
Virginia Commonwealth  ,35,26,9,0.743,11.57,3.77,14,4,15,1,7,4,2616,2343,1420,945,2050,0.461,199,602,0.331,527,747,0.705,386,1275,525,263,138,435,728
VMI,30,6,24,0.2,-13.91,-1.8,3,15,5,9,1,14,2057,2346,1200,732,1778,0.412,248,786,0.316,345,500,0.69,306,992,356,188,114,395,594
Virginia Tech  ,33,22,11,0.667,12.77,8.38,10,8,15,2,4,6,2610,2465,1330,887,1813,0.489,290,720,0.403,546,741,0.737,240,1068,497,131,91,398,543
Virginia  ,34,23,11,0.676,20.63,10.93,11,7,12,4,7,5,2246,1916,1380,839,1823,0.46,232,602,0.385,336,474,0.709,297,1119,473,190,138,324,556
Wagner,30,16,14,0.533,-7.13,-7.89,11,7,8,7,8,7,2047,1973,1215,727,1700,0.428,183,552,0.332,410,593,0.691,434,1184,326,146,108,422,616
Wake Forest  ,33,19,14,0.576,14.19,9.8,9,9,11,3,5,8,2733,2588,1320,923,1955,0.472,268,697,0.385,619,795,0.779,349,1199,512,183,121,389,668
Washington State,31,13,18,0.419,0.13,6.87,6,12,9,7,2,7,2179,2376,1245,801,1739,0.461,209,574,0.364,368,487,0.756,199,993,453,130,85,389,502
Washington,31,9,22,0.29,2.15,6.82,2,16,7,9,1,11,2368,2513,1245,874,1949,0.448,226,639,0.354,394,602,0.654,401,1161,408,187,171,425,628
Weber State,34,20,14,0.588,-2.32,-5.13,12,6,10,3,7,8,2714,2505,1380,908,1866,0.487,312,749,0.417,584,788,0.741,221,1103,443,176,117,380,596
West Virginia  ,37,28,9,0.757,24.45,9.67,12,6,16,2,6,4,3014,2467,1505,1059,2333,0.454,275,759,0.362,621,907,0.685,534,1387,607,371,176,455,756
Western Carolina,32,9,23,0.281,-15.3,-0.7,4,14,6,8,3,13,1965,2347,1280,719,1843,0.39,182,592,0.307,345,528,0.653,397,1158,363,198,75,516,661
Western Illinois,28,8,20,0.286,-11,-2.38,5,11,5,8,3,11,2012,2151,1145,711,1633,0.435,254,654,0.388,336,475,0.707,184,968,375,130,124,358,546
Western Kentucky,32,15,17,0.469,-5.8,-2.89,9,9,11,3,4,12,2209,2302,1280,777,1767,0.44,214,606,0.353,441,657,0.671,302,1119,397,143,105,388,475
Western Michigan,32,16,16,0.5,-0.78,-0.55,11,7,13,2,3,9,2417,2408,1285,863,1915,0.451,209,563,0.371,482,685,0.704,370,1155,414,183,91,399,600
Wichita State  ,36,31,5,0.861,21.24,2.96,17,1,16,1,9,1,2916,2246,1440,992,2114,0.469,310,769,0.403,622,848,0.733,433,1472,586,235,140,406,676
William & Mary,31,17,14,0.548,-0.14,-0.73,10,8,13,1,3,12,2534,2411,1250,887,1808,0.491,283,740,0.382,477,689,0.692,271,1123,543,167,152,388,566
Winthrop  ,33,26,7,0.788,1.34,-6.12,15,3,13,3,12,3,2615,2322,1350,891,1957,0.455,313,839,0.373,520,725,0.717,316,1224,423,216,169,430,605
Wisconsin  ,37,27,10,0.73,19.4,9.4,12,6,15,2,5,5,2678,2308,1500,971,2135,0.455,283,788,0.359,453,703,0.644,460,1377,504,250,130,411,602
Wofford,33,16,17,0.485,-0.71,-1.08,10,8,11,2,4,10,2593,2479,1350,900,1926,0.467,311,771,0.403,482,619,0.779,323,1105,552,185,71,405,614
Wright State,32,20,12,0.625,-1.02,-2.42,11,7,12,4,8,7,2465,2317,1290,817,1819,0.449,285,749,0.381,546,715,0.764,326,1136,472,181,75,474,594
Wyoming,38,23,15,0.605,2.83,0.55,8,10,19,3,3,10,2961,2833,1545,986,2265,0.435,369,1055,0.35,620,849,0.73,322,1446,561,195,172,502,783
Xavier  ,38,24,14,0.632,14.8,11.51,9,9,12,4,4,8,2836,2711,1525,981,2148,0.457,267,776,0.344,607,881,0.689,451,1417,559,228,100,478,708
Yale,29,18,11,0.621,0.21,-2.19,9,5,10,3,7,7,2151,2028,1165,769,1644,0.468,208,582,0.357,405,553,0.732,301,1056,452,162,123,377,454
Youngstown State,34,13,21,0.382,-9.75,-2.56,5,13,7,7,3,12,2616,2801,1390,981,2230,0.44,250,750,0.333,404,601,0.672,355,1246,513,187,107,406,56