Team name,Team ID,Games,PTS,PPG,OPP PTS,OPP PPG,SCR MAR,Win %,FT,FTA,FTPG,FT%,FGA,FGPG,FG%,3FGA,3FGPG,3FG%,Opp 3FG%,AST,APG,TO,TOPG,REB,RPG,OPP REB,OPP RPG,REB MAR,DREB,ST,STPG,Fouls,PFPG
A&M-Corpus Christi,1,32,2184,68.3,2119,66.2,2,53.1,480,723,22.6,66.4,1681,52.5,45.8,533,16.7,30.8,33.3,422,13.188,556,17.375,1161,36.3,998,31.2,5.1,0,250,7.8,584,18.3
Air Force,3,31,1773,57.2,1957,63.1,-5.9,32.3,333,524,16.9,63.5,1428,46.1,44.3,562,18.1,31.3,34.7,389,12.548,394,12.71,851,27.5,966,31.2,-3.7,0,155,5,547,17.6
Akron,4,34,2406,70.8,2223,65.4,5.4,70.6,476,723,21.3,65.8,1964,57.8,43.4,669,19.7,33.5,31.9,462,13.588,457,13.441,1237,36.4,1150,33.8,2.6,0,209,6.1,663,19.5
Alabama,5,32,2192,68.5,2073,64.8,3.7,53.1,435,615,19.2,70.7,1794,56.1,44.1,500,15.6,35,31.8,429,13.406,410,12.812,1126,35.2,1102,34.4,0.8,0,249,7.8,583,18.2
Alabama A&M,6,27,1778,65.9,1881,69.7,-3.8,40.7,472,743,27.5,63.5,1568,58.1,38.2,0,0.0,0,31.3,288,10.667,444,16.444,1004,37.2,1141,42.3,-5.1,0,249,9.2,550,20.4
Alabama St.,7,31,1998,64.5,2043,65.9,-1.5,51.6,474,739,23.8,64.1,1651,53.3,40.4,587,18.9,32.4,34.9,400,12.903,501,16.161,1101,35.5,1046,33.7,1.8,0,228,7.4,634,20.5
Albany (NY),8,32,2007,62.7,2212,69.1,-6.4,21.9,393,545,17.0,72.1,1736,54.3,40.9,585,18.3,33.2,36.5,380,11.875,517,16.156,1156,36.1,1065,33.3,2.8,0,187,5.8,602,18.8
Alcorn,9,31,1880,60.6,2542,82,-21.4,6.5,443,725,23.4,61.1,1717,55.4,37.9,0,0.0,0,38.3,269,8.6774,642,20.71,1065,34.4,1329,42.9,-8.5,0,214,6.9,670,21.6
American,10,31,1941,62.6,2083,67.2,-4.6,35.5,395,571,18.4,69.2,1603,51.7,42.5,534,17.2,34.5,35.4,447,14.419,458,14.774,1097,35.4,997,32.2,3.2,0,109,3.5,590,19
Appalachian St.,11,34,2537,74.6,2360,69.4,5.2,64.7,546,738,21.7,74,1822,53.6,47.8,635,18.7,39.2,34.2,409,12.029,514,15.118,1304,38.4,1032,30.4,8,0,185,5.4,600,17.6
Arizona,12,31,2229,71.9,2233,72,-0.1,51.6,545,744,24.0,73.3,1681,54.2,44.3,542,17.5,35.8,31.4,384,12.387,436,14.065,1062,34.3,1067,34.4,-0.2,0,186,6,595,19.2
Arizona St.,13,32,2136,66.8,1871,58.5,8.3,68.8,430,606,18.9,71,1601,50.0,45.1,712,22.3,36.8,31.9,444,13.875,373,11.656,1020,31.9,1021,31.9,0,0,213,6.7,528,16.5
Ark.-Pine Bluff,14,32,2061,64.4,2070,64.7,-0.3,53.1,548,826,25.8,66.3,1681,52.5,41.1,0,0.0,0,32.8,401,12.531,543,16.969,1223,38.2,1011,31.6,6.6,0,219,6.8,729,22.8
Arkansas,15,32,2391,74.7,2366,73.9,0.8,43.8,532,782,24.4,68,1859,58.1,44.6,579,18.1,34.7,37.2,440,13.75,439,13.719,1103,34.5,1187,37.1,-2.6,0,232,7.3,598,18.7
Arkansas St.,16,31,2160,69.7,2065,66.6,3.1,54.8,452,682,22.0,66.3,1721,55.5,44.6,493,15.9,34.9,29.3,406,13.097,430,13.871,1188,38.3,1072,34.6,3.7,0,159,5.1,562,18.1
Army West Point,17,29,1749,60.3,1768,61,-0.7,48.3,316,483,16.7,65.4,1538,53.0,41.4,488,16.8,32.6,33.3,334,11.517,430,14.828,928,32,955,32.9,-0.9,0,239,8.2,580,20
Auburn,18,32,2422,75.7,2373,74.2,1.5,46.9,451,689,21.5,65.5,1913,59.8,44.4,819,25.6,33.1,35.4,419,13.094,437,13.656,1121,35,1137,35.5,-0.5,0,252,7.9,635,19.8
Austin Peay,19,32,2320,72.5,2317,72.4,0.1,53.1,548,790,24.7,69.4,1727,54.0,45.5,547,17.1,36.6,36.9,429,13.406,458,14.312,1092,34.1,1129,35.3,-1.2,0,189,5.9,547,17.1
Ball St.,20,30,1818,60.6,1871,62.4,-1.8,50,471,685,22.8,68.8,1486,49.5,41.5,0,0.0,0,31.2,332,11.067,435,14.5,1053,35.1,1010,33.7,1.4,0,152,5.1,531,17.7
Baylor,21,32,2484,77.6,2108,65.9,11.8,78.1,487,668,20.9,72.9,1807,56.5,48.9,587,18.3,39,33.3,447,13.969,446,13.938,1253,39.2,1038,32.4,6.7,0,205,6.4,572,17.9
Belmont,22,31,2266,73.1,2124,68.5,4.6,61.3,496,736,23.7,67.4,1699,54.8,44.9,709,22.9,34.4,30.3,445,14.355,513,16.548,1150,37.1,1096,35.4,1.7,0,222,7.2,595,19.2
Bethune-Cookman,23,33,2021,61.2,1996,60.5,0.8,51.5,401,624,18.9,64.3,1727,52.3,43,0,0.0,0,36.7,344,10.424,423,12.818,1096,33.2,1060,32.1,1.1,0,227,6.9,593,18
Binghamton,24,31,1909,61.6,2082,67.2,-5.6,41.9,371,558,18.0,66.5,1632,52.6,42.3,544,17.5,29,35.3,299,9.6452,439,14.161,1078,34.8,1068,34.5,0.3,0,166,5.4,530,17.1
Boise St.,25,32,2370,74.1,2331,72.8,1.2,46.9,390,578,18.1,67.5,1942,60.7,46,578,18.1,33.2,36.4,515,16.094,458,14.312,1148,35.9,1112,34.8,1.1,0,244,7.6,537,16.8
Boston College,26,31,2145,69.2,2048,66.1,3.1,48.4,390,545,17.6,71.6,1786,57.6,44.7,487,15.7,32.6,30.1,465,15,394,12.71,1124,36.3,977,31.5,4.7,0,155,5,524,16.9
Boston U.,27,32,2266,70.8,2140,66.9,3.9,59.4,513,702,21.9,73.1,1837,57.4,40.4,744,23.3,35.9,31.1,352,11,432,13.5,1176,36.8,1207,37.7,-1,0,223,7,686,21.4
Bowling Green,28,30,1889,63,1976,65.9,-2.9,46.7,369,551,18.4,67,1564,52.1,44.4,0,0.0,0,36.5,393,13.1,420,14,1011,33.7,963,32.1,1.6,0,204,6.8,494,16.5
Bradley,29,31,2091,67.5,2089,67.4,0.1,51.6,462,621,20.0,74.4,1641,52.9,43.9,525,16.9,35.6,30.8,370,11.935,373,12.032,1021,32.9,1082,34.9,-2,0,195,6.3,518,16.7
Brown,30,31,2073,66.9,2231,72,-5.1,35.5,441,602,19.4,73.3,1610,51.9,44.1,611,19.7,34.7,35.3,417,13.452,402,12.968,990,31.9,1157,37.3,-5.4,0,121,3.9,436,14.1
Bryant,31,30,1503,50.1,2034,67.8,-17.7,3.3,259,389,13.0,66.6,1466,48.9,37.2,543,18.1,28.4,36.7,317,10.567,475,15.833,867,28.9,1130,37.7,-8.8,0,169,5.6,590,19.7
Bucknell,32,31,2077,67,2107,68,-1,45.2,443,607,19.6,73,1749,56.4,41,607,19.6,32.9,38.9,370,11.935,359,11.581,1048,33.8,1074,34.6,-0.8,0,152,4.9,553,17.8
Buffalo,33,30,2170,72.3,2135,71.2,1.2,60,453,632,21.1,71.7,1742,58.1,43.3,597,19.9,34.7,38.2,454,15.133,422,14.067,1066,35.5,1024,34.1,1.4,0,227,7.6,570,19
Butler,34,32,2243,70.1,1921,60,10.1,87.5,573,766,23.9,74.8,1606,50.2,45.3,632,19.8,34.2,30.9,410,12.812,397,12.406,1051,32.8,933,29.2,3.7,0,219,6.8,592,18.5
BYU,35,34,2821,83,2216,65.2,17.8,85.3,600,763,22.4,78.6,2002,58.9,48.6,661,19.4,41.9,33.1,544,16,392,11.529,1270,37.4,1097,32.3,5.1,0,288,8.5,580,17.1
Cal Poly,36,31,2176,70.2,2335,75.3,-5.1,38.7,494,678,21.9,72.9,1770,57.1,41.7,616,19.9,33.4,36.8,364,11.742,417,13.452,1100,35.5,1052,33.9,1.5,0,171,5.5,683,22
Cal St. Fullerton,37,31,2303,74.3,2263,73,1.3,51.6,514,720,23.2,71.4,1754,56.6,45,598,19.3,34.9,35.1,421,13.581,454,14.645,1141,36.8,1134,36.6,0.2,0,175,5.6,613,19.8
California,38,33,2573,78,2257,68.4,9.6,69.7,514,679,20.6,75.7,1929,58.5,47.7,582,17.6,37.3,32.1,477,14.455,396,12,1180,35.8,1052,31.9,3.9,0,187,5.7,561,17
Campbell,39,30,2057,68.6,1900,63.3,5.2,63.3,509,719,24.0,70.8,1578,52.6,44.5,0,0.0,0,33.2,430,14.333,429,14.3,978,32.6,955,31.8,0.8,0,314,10.5,563,18.8
Canisius,40,32,2125,66.4,2160,67.5,-1.1,46.9,427,609,19.0,70.1,1806,56.4,41.2,667,20.8,31.5,32.6,403,12.594,471,14.719,1199,37.5,1151,36,1.5,0,193,6,585,18.3
Centenary (LA),352,29,2056,70.9,2320,80,-9.1,27.6,461,629,21.7,73.3,1645,56.7,41.6,644,22.2,35.2,37.5,383,13.207,442,15.241,874,30.1,1119,38.6,-8.4,0,231,8,617,21.3
Central Ark.,41,30,1897,63.2,2009,67,-3.7,30,454,712,23.7,63.8,1560,52.0,41.1,517,17.2,31.1,35.2,296,9.8667,420,14,1013,33.8,1039,34.6,-0.9,0,195,6.5,520,17.3
Central Conn. St.,42,30,1834,61.1,1935,64.5,-3.4,40,392,547,18.2,71.7,1599,53.3,40.3,487,16.2,31.2,34.8,329,10.967,402,13.4,974,32.5,1024,34.1,-1.7,0,200,6.7,454,15.1
Central Mich.,43,30,1937,64.6,1924,64.1,0.4,50,406,611,20.4,66.4,1588,52.9,41,615,20.5,37.2,35.1,321,10.7,427,14.233,1005,33.5,973,32.4,1.1,0,246,8.2,654,21.8
Charleston So.,44,30,2062,68.7,2030,67.7,1.1,43.3,331,500,16.7,66.2,1789,59.6,42.9,558,18.6,35.3,34,331,11.033,444,14.8,1100,36.7,1072,35.7,0.9,0,269,9,535,17.8
Charlotte,45,31,2276,73.4,2205,71.1,2.3,61.3,563,768,24.8,73.3,1807,58.3,41.8,646,20.8,31.1,30.7,409,13.194,414,13.355,1227,39.6,1148,37,2.5,0,183,5.9,564,18.2
Chattanooga,46,33,2305,69.8,2379,72.1,-2.2,45.5,390,631,19.1,61.8,1889,57.2,43.6,809,24.5,33.3,35,483,14.636,538,16.303,1238,37.5,1201,36.4,1.1,0,199,6,626,19
Chicago St.,47,32,2010,62.8,2287,71.5,-8.7,28.1,469,709,22.2,66.1,1833,57.3,38.2,0,0.0,0,37.7,321,10.031,511,15.969,1169,36.5,1134,35.4,1.1,0,222,6.9,640,20
Cincinnati,48,33,2266,68.7,2184,66.2,2.5,54.5,393,632,19.2,62.2,1957,59.3,43.2,628,19.0,29.1,33.9,449,13.606,432,13.091,1306,39.6,1083,32.8,6.8,0,182,5.5,600,18.2
Clemson,49,31,2272,73.3,1979,63.8,9.5,67.7,422,640,20.6,65.9,1815,58.5,45.3,607,19.6,33.6,29.4,439,14.161,460,14.839,1137,36.7,1082,34.9,1.8,0,299,9.6,542,17.5
Cleveland St.,50,33,2283,69.2,2254,68.3,0.9,48.5,477,637,19.3,74.9,1802,54.6,44.2,614,18.6,34.9,39.5,431,13.061,405,12.273,975,29.5,1119,33.9,-4.4,0,293,8.9,711,21.5
Coastal Caro.,51,34,2535,74.6,2038,59.9,14.6,82.4,462,730,21.5,63.3,1976,58.1,48,494,14.5,35.8,27.6,533,15.676,434,12.765,1350,39.7,1138,33.5,6.2,0,257,7.6,547,16.1
Col. of Charleston,52,32,2381,74.4,2321,72.5,1.9,65.6,305,416,13.0,73.3,1946,60.8,45.6,819,25.6,36.6,33,403,12.594,359,11.219,1020,31.9,1309,40.9,-9,0,184,5.8,542,16.9
Colgate,53,29,1955,67.4,2069,71.3,-3.9,34.5,377,550,19.0,68.5,1596,55.0,43.4,519,17.9,37,35.7,384,13.241,434,14.966,996,34.3,957,33,1.3,0,181,6.2,540,18.6
Colorado,54,31,2313,74.6,2299,74.2,0.5,48.4,561,732,23.6,76.6,1634,52.7,47.3,531,17.1,38.8,34.7,443,14.29,409,13.194,884,28.5,1116,36,-7.5,0,256,8.3,659,21.3
Colorado St.,55,31,2060,66.5,2060,66.5,0,51.6,532,780,25.2,68.2,1591,51.3,42.7,487,15.7,34.9,34.6,326,10.516,464,14.968,1084,35,998,32.2,2.8,0,218,7,639,20.6
Columbia,56,28,1686,60.2,1828,65.3,-5.1,39.3,371,553,19.8,67.1,1452,51.9,40.6,0,0.0,0,35.5,279,9.9643,401,14.321,925,33,916,32.7,0.3,0,208,7.4,552,19.7
Coppin St.,57,30,1833,61.1,2029,67.6,-6.5,26.7,377,511,17.0,73.8,1680,56.0,38.9,0,0.0,0,28.8,304,10.133,419,13.967,1003,33.4,1163,38.8,-5.3,0,185,6.2,561,18.7
Cornell,58,31,2335,75.3,1958,63.2,12.2,87.1,357,490,15.8,72.9,1744,56.3,48,700,22.6,43.4,34.9,511,16.484,380,12.258,1062,34.3,960,31,3.3,0,222,7.2,550,17.7
Creighton,59,31,2151,69.4,2120,68.4,1,51.6,454,640,20.6,70.9,1692,54.6,43.5,691,22.3,32.6,33.5,422,13.613,384,12.387,1079,34.8,1070,34.5,0.3,0,159,5.1,578,18.6
CSU Bakersfield,60,29,1907,65.8,2163,74.6,-8.8,24.1,489,712,24.6,68.7,1638,56.5,38.8,470,16.2,31.1,33.1,263,9.069,438,15.103,1048,36.1,1096,37.8,-1.7,0,181,6.2,543,18.7
CSUN,61,32,2282,71.3,2412,75.4,-4.1,34.4,624,933,29.2,66.9,1789,55.9,42,0,0.0,0,34.5,358,11.188,561,17.531,1214,37.9,1188,37.1,0.8,0,239,7.5,740,23.1
Dartmouth,62,28,1513,54,1835,65.5,-11.5,17.9,263,401,14.3,65.6,1506,53.8,38.1,0,0.0,0,33,285,10.179,376,13.429,862,30.8,1020,36.4,-5.6,0,178,6.4,512,18.3
Davidson,63,31,2202,71,2149,69.3,1.7,51.6,405,598,19.3,67.7,1775,57.3,42.8,765,24.7,36.5,37.1,474,15.29,421,13.581,1148,37,1040,33.5,3.5,0,141,4.5,603,19.5
Dayton,64,32,2231,69.7,1995,62.3,7.4,62.5,451,675,21.1,66.8,1770,55.3,44.2,629,19.7,34,31.7,469,14.656,467,14.594,1224,38.3,1041,32.5,5.7,0,199,6.2,640,20
Delaware,65,31,1965,63.4,2251,72.6,-9.2,22.6,421,602,19.4,69.9,1751,56.5,39.1,594,19.2,29.3,36.6,361,11.645,411,13.258,1078,34.8,1105,35.6,-0.9,0,156,5,649,20.9
Delaware St.,66,29,1697,58.5,1691,58.3,0.2,58.6,338,499,17.2,67.7,1485,51.2,40.9,444,15.3,32.7,38.2,300,10.345,332,11.448,809,27.9,912,31.4,-3.6,0,239,8.2,440,15.2
Denver,67,32,2079,65,2012,62.9,2.1,59.4,450,630,19.7,71.4,1406,43.9,49,635,19.8,39.5,37.9,465,14.531,378,11.812,768,24,953,29.8,-5.8,0,181,5.7,697,21.8
DePaul,68,31,1891,61,2073,66.9,-5.9,25.8,308,529,17.1,58.2,1771,57.1,39.8,558,18.0,31.4,34.6,366,11.806,338,10.903,1036,33.4,1205,38.9,-5.5,0,236,7.6,570,18.4
Detroit Mercy,69,34,2360,69.4,2234,65.7,3.7,58.8,556,849,25.0,65.5,1805,53.1,45.9,0,0.0,0,31.7,464,13.647,530,15.588,1225,36,1090,32.1,4,0,255,7.5,631,18.6
Drake,70,33,2197,66.6,2259,68.5,-1.9,42.4,437,577,17.5,75.7,1694,51.3,43.6,746,22.6,38.1,36.5,386,11.697,332,10.061,939,28.5,1158,35.1,-6.6,0,182,5.5,551,16.7
Drexel,71,32,2044,63.9,2051,64.1,-0.2,50,427,650,20.3,65.7,1802,56.3,40.6,0,0.0,0,32.4,397,12.406,387,12.094,1152,36,1151,36,0,0,190,5.9,665,20.8
Duke,72,34,2653,78,2100,61.8,16.3,85.3,592,776,22.8,76.3,2048,60.2,44,672,19.8,38.2,28.2,474,13.941,378,11.118,1328,39.1,1127,33.1,5.9,0,236,6.9,630,18.5
Duquesne,73,31,2200,71,2219,71.6,-0.6,51.6,433,712,23.0,60.8,1866,60.2,42.8,643,20.7,26.3,34.9,433,13.968,448,14.452,1169,37.7,1280,41.3,-3.6,0,250,8.1,589,19
East Carolina,74,31,2082,67.2,2323,74.9,-7.8,32.3,480,685,22.1,70.1,1641,52.9,43.7,515,16.6,32.6,37.3,367,11.839,518,16.71,1103,35.6,1056,34.1,1.5,0,199,6.4,546,17.6
Eastern Ill.,75,31,2112,68.1,2023,65.3,2.9,61.3,423,587,18.9,72.1,1690,54.5,46.2,0,0.0,0,35.3,465,15,420,13.548,1084,35,1002,32.3,2.6,0,192,6.2,519,16.7
Eastern Ky.,76,32,2272,71,2126,66.4,4.6,62.5,324,447,14.0,72.5,1738,54.3,46.9,805,25.2,39.5,39.4,499,15.594,304,9.5,860,26.9,1082,33.8,-6.9,0,228,7.1,530,16.6
Eastern Mich.,77,32,2124,66.4,2096,65.5,0.9,53.1,497,755,23.6,65.8,1711,53.5,41.7,659,20.6,30.5,34.6,399,12.469,435,13.594,1126,35.2,1081,33.8,1.4,0,216,6.8,569,17.8
Eastern Wash.,78,30,2065,68.8,2288,76.3,-7.4,30,413,579,19.3,71.3,1739,58.0,41.6,581,19.4,35.5,39.6,408,13.6,452,15.067,1021,34,1084,36.1,-2.1,0,186,6.2,626,20.9
Elon,79,32,2141,66.9,2335,73,-6.1,28.1,392,605,18.9,64.8,1837,57.4,41.4,716,22.4,32,35.4,401,12.531,422,13.188,1060,33.1,1233,38.5,-5.4,0,192,6,599,18.7
ETSU,80,34,2353,69.2,2262,66.5,2.7,58.8,516,778,22.9,66.3,1914,56.3,43.5,558,16.4,31,32.7,371,10.912,505,14.853,1237,36.4,1206,35.5,0.9,0,282,8.3,650,19.1
Evansville,81,30,1944,64.8,2068,68.9,-4.1,30,470,652,21.7,72.1,1550,51.7,43.1,0,0.0,0,34.5,423,14.1,431,14.367,1001,33.4,976,32.5,0.8,0,153,5.1,642,21.4
Fairfield,82,32,2258,70.6,2118,66.2,4.4,68.8,452,654,20.4,69.1,1867,58.3,43.2,579,18.1,33.2,36.6,442,13.812,431,13.469,1172,36.6,1124,35.1,1.5,0,238,7.4,585,18.3
Fairleigh Dickinson,83,32,2027,63.3,2279,71.2,-7.9,34.4,481,743,23.2,64.7,1678,52.4,41.8,0,0.0,0,36.9,361,11.281,497,15.531,1128,35.3,1182,36.9,-1.7,0,176,5.5,610,19.1
FGCU,84,29,1875,64.7,2082,71.8,-7.1,27.6,393,606,20.9,64.9,1609,55.5,42.2,0,0.0,0,36,403,13.897,494,17.034,1035,35.7,1026,35.4,0.3,0,232,8,628,21.7
FIU,85,32,2176,68,2469,77.2,-9.2,21.9,436,624,19.5,69.9,1882,58.8,41.6,609,19.0,28.9,38.5,395,12.344,435,13.594,1053,32.9,1192,37.3,-4.3,0,254,7.9,623,19.5
Fla. Atlantic,86,30,2202,73.4,2205,73.5,-0.1,46.7,424,626,20.9,67.7,1824,60.8,42.7,577,19.2,38.1,40.6,431,14.367,370,12.333,1061,35.4,1154,38.5,-3.1,0,172,5.7,632,21.1
Florida,87,33,2363,71.6,2159,65.4,6.2,63.6,458,652,19.8,70.2,1928,58.4,44.4,616,18.7,31.3,32.1,464,14.061,402,12.182,1220,37,1137,34.5,2.5,0,236,7.2,477,14.5
Florida A&M,88,31,1965,63.4,2270,73.2,-9.8,29,427,667,21.5,64,1681,54.2,40.6,558,18.0,30.8,33.5,312,10.065,485,15.645,1042,33.6,1184,38.2,-4.6,0,178,5.7,591,19.1
Florida St.,89,31,2123,68.5,1865,60.2,8.3,71,419,649,20.9,64.6,1675,54.0,45.5,537,17.3,33.5,32.9,431,13.903,520,16.774,1179,38,1006,32.5,5.6,0,260,8.4,553,17.8
Fordham,90,28,1793,64,2220,79.3,-15.3,7.1,369,544,19.4,67.8,1698,60.6,38,0,0.0,0,34,273,9.75,437,15.607,1046,37.4,1145,40.9,-3.5,0,157,5.6,556,19.9
Fort Wayne,91,31,2129,68.7,2112,68.1,0.5,51.6,414,595,19.2,69.6,1790,57.7,41.7,583,18.8,37.9,31.9,376,12.129,398,12.839,1103,35.6,1134,36.6,-1,0,183,5.9,592,19.1
Fresno St.,92,33,2188,66.3,2207,66.9,-0.6,45.5,473,698,21.2,67.8,1763,53.4,42.5,675,20.5,31.9,37.2,466,14.121,462,14,1104,33.5,1156,35,-1.6,0,261,7.9,555,16.8
Furman,93,30,2052,68.4,2059,68.6,-0.2,43.3,505,706,23.5,71.5,1620,54.0,41.7,554,18.5,35.2,33.5,347,11.567,433,14.433,1074,35.8,1067,35.6,0.2,0,148,4.9,631,21
Ga. Southern,94,32,2260,70.6,2529,79,-8.4,28.1,447,665,20.8,67.2,1849,57.8,42.8,611,19.1,37.8,39.6,444,13.875,512,16,985,30.8,1195,37.3,-6.6,0,259,8.1,693,21.7
Gardner-Webb,95,29,2005,69.1,2257,77.8,-8.7,27.6,329,512,17.7,64.3,1749,60.3,42.3,592,20.4,33.4,35.1,414,14.276,525,18.103,1044,36,1136,39.2,-3.2,0,201,6.9,588,20.3
George Mason,96,31,2049,66.1,2060,66.5,-0.4,54.8,444,692,22.3,64.2,1661,53.6,43.6,461,14.9,34.1,33.3,359,11.581,420,13.548,1067,34.4,1112,35.9,-1.5,0,201,6.5,537,17.3
George Washington,97,30,2107,70.2,2034,67.8,2.4,53.3,447,687,22.9,65.1,1736,57.9,43.5,452,15.1,33.2,34.8,384,12.8,430,14.333,1158,38.6,1033,34.4,4.2,0,235,7.8,629,21
Georgetown,98,33,2417,73.2,2149,65.1,8.1,69.7,465,653,19.8,71.2,1754,53.2,49.8,526,15.9,38.8,32.6,510,15.455,455,13.788,1101,33.4,1027,31.1,2.2,0,232,7,558,16.9
Georgia,99,31,2128,68.6,2150,69.4,-0.7,45.2,460,641,20.7,71.8,1664,53.7,45.6,0,0.0,0,33.5,425,13.71,471,15.194,1117,36,980,31.6,4.4,0,187,6,503,16.2
Georgia St.,100,32,1993,62.3,2039,63.7,-1.4,37.5,378,551,17.2,68.6,1770,55.3,41.8,0,0.0,0,32.4,356,11.125,432,13.5,1082,33.8,1070,33.4,0.4,0,231,7.2,599,18.7
Georgia Tech,101,34,2491,73.3,2231,65.6,7.6,64.7,474,735,21.6,64.5,1962,57.7,46.1,557,16.4,37.2,31.4,483,14.206,557,16.382,1365,40.1,1213,35.7,4.5,0,268,7.9,631,18.6
Gonzaga,102,32,2482,77.6,2144,67,10.6,81.3,574,866,27.1,66.3,1754,54.8,49.4,485,15.2,36.3,32.5,431,13.469,418,13.062,1221,38.2,1064,33.3,4.9,0,214,6.7,577,18
Grambling,103,28,1784,63.7,2048,73.1,-9.4,25,392,570,20.4,68.8,1551,55.4,39.5,479,17.1,34.7,33.2,315,11.25,438,15.643,930,33.2,1097,39.2,-6,0,210,7.5,624,22.3
Green Bay,105,33,2265,68.6,2207,66.9,1.8,63.6,477,652,19.8,73.2,1783,54.0,44,575,17.4,37.9,34.2,386,11.697,415,12.576,1068,32.4,1104,33.5,-1.1,0,205,6.2,615,18.6
Hampton,106,32,2102,65.7,2050,64.1,1.6,43.8,488,720,22.5,67.8,1708,53.4,42.4,549,17.2,29.9,30.7,385,12.031,496,15.5,1106,34.6,1156,36.1,-1.6,0,278,8.7,591,18.5
Hartford,107,30,1868,62.3,2100,70,-7.7,26.7,299,468,15.6,63.9,1678,55.9,39.8,678,22.6,34.4,38.6,340,11.333,350,11.667,932,31.1,1136,37.9,-6.8,0,181,6,659,22
Harvard,108,28,2074,74.1,1835,65.5,8.5,75,500,653,23.3,76.6,1456,52.0,48.1,487,17.4,35.7,33.2,430,15.357,433,15.464,945,33.8,867,31,2.8,0,220,7.9,528,18.9
Hawaii,109,30,2044,68.1,2187,72.9,-4.8,33.3,480,727,24.2,66,1640,54.7,43.1,479,16.0,31.3,34.3,415,13.833,429,14.3,1075,35.8,971,32.4,3.5,0,133,4.4,543,18.1
High Point,110,30,2169,72.3,2203,73.4,-1.1,50,431,627,20.9,68.7,1787,59.6,43.1,551,18.4,35.6,37.3,385,12.833,471,15.7,1063,35.4,1088,36.3,-0.8,0,205,6.8,648,21.6
Hofstra,111,33,2324,70.4,2216,67.2,3.3,57.6,464,642,19.5,72.3,2046,62.0,41,546,16.5,33.3,29.1,452,13.697,453,13.727,1347,40.8,1215,36.8,4,0,249,7.5,707,21.4
Holy Cross,112,31,2147,69.3,2223,71.7,-2.5,29,464,662,21.4,70.1,1707,55.1,44.6,423,13.6,38.1,35.3,409,13.194,447,14.419,1136,36.6,1008,32.5,4.1,0,134,4.3,551,17.8
Houston,113,34,2674,78.6,2535,74.6,4.1,55.9,525,736,21.6,71.3,2222,65.4,42,794,23.4,35.6,33.4,428,12.588,309,9.0882,1156,34,1430,42.1,-8.1,0,323,9.5,633,18.6
Houston Baptist,114,33,2347,71.1,2604,78.9,-7.8,36.4,610,839,25.4,72.7,1926,58.4,41.6,0,0.0,0,37.4,409,12.394,606,18.364,1294,39.2,1228,37.2,2,0,237,7.2,683,20.7
Howard,115,32,1868,58.4,2251,70.3,-12,21.9,412,696,21.8,59.2,1704,53.3,37.5,599,18.7,29.7,33.3,308,9.625,473,14.781,1092,34.1,1180,36.9,-2.8,0,140,4.4,537,16.8
Idaho,116,31,2206,71.2,2188,70.6,0.6,48.4,430,651,21.0,66.1,1703,54.9,46.4,515,16.6,37.7,35.2,459,14.806,432,13.935,1074,34.6,1036,33.4,1.2,0,185,6,554,17.9
Idaho St.,117,29,1927,66.4,2176,75,-8.6,24.1,382,551,19.0,69.3,1555,53.6,45.3,0,0.0,0,37.3,324,11.172,382,13.172,926,31.9,930,32.1,-0.1,0,166,5.7,516,17.8
Ill.-Chicago,118,30,1876,62.5,2110,70.3,-7.8,26.7,393,549,18.3,71.6,1691,56.4,38.7,578,19.3,30.3,34.8,315,10.5,383,12.767,982,32.7,1174,39.1,-6.4,0,211,7,569,19
Illinois,119,33,2325,70.5,2205,66.8,3.6,57.6,387,540,16.4,71.7,1933,58.6,45,581,17.6,34.4,31.8,520,15.758,409,12.394,1215,36.8,1141,34.6,2.2,0,184,5.6,560,17
Illinois St.,120,32,2241,70,2052,64.1,5.9,68.8,499,707,22.1,70.6,1725,53.9,45,570,17.8,33,34.2,420,13.125,415,12.969,1146,35.8,995,31.1,4.7,0,232,7.3,545,17
Indiana,122,31,2053,66.2,2215,71.5,-5.2,32.3,487,705,22.7,69.1,1687,54.4,41.7,469,15.1,34.1,33,375,12.097,486,15.677,1090,35.2,1102,35.5,-0.4,0,211,6.8,636,20.5
Indiana St.,123,31,2059,66.4,2060,66.5,0,54.8,462,598,19.3,77.3,1628,52.5,42.4,613,19.8,35.1,34.1,327,10.548,384,12.387,1031,33.3,1107,35.7,-2.5,0,171,5.5,571,18.4
Iona,124,31,2050,66.1,1921,62,4.2,67.7,423,621,20.0,68.1,1667,53.8,42,619,20.0,36.7,32.6,421,13.581,420,13.548,1041,33.6,1113,35.9,-2.3,0,246,7.9,614,19.8
Iowa,125,32,1937,60.5,2112,66,-5.5,31.3,348,503,15.7,69.2,1629,50.9,41.4,753,23.5,31.7,34.1,394,12.312,440,13.75,1023,32,1019,31.8,0.1,0,134,4.2,507,15.8
Iowa St.,126,32,2325,72.7,2256,70.5,2.2,46.9,454,691,21.6,65.7,1875,58.6,44.3,561,17.5,37.3,33.4,456,14.25,446,13.938,1227,38.3,1174,36.7,1.7,0,170,5.3,507,15.8
IUPUI,127,34,2539,74.7,2286,67.2,7.4,70.6,526,742,21.8,70.9,1779,52.3,51.1,497,14.6,39.2,36,521,15.324,480,14.118,1117,32.9,1060,31.2,1.7,0,301,8.9,540,15.9
Jackson St.,128,31,1961,63.3,2008,64.8,-1.5,61.3,474,739,23.8,64.1,1665,53.7,39.6,513,16.5,32.6,32.3,351,11.323,453,14.613,1176,37.9,1097,35.4,2.5,0,187,6,637,20.5
Jacksonville,129,31,2173,70.1,2093,67.5,2.6,61.3,500,708,22.8,70.6,1791,57.8,42,492,15.9,33.9,33.4,370,11.935,458,14.774,1159,37.4,1046,33.7,3.6,0,263,8.5,613,19.8
Jacksonville St.,130,30,2088,69.6,2144,71.5,-1.9,36.7,453,619,20.6,73.2,1670,55.7,43.5,497,16.6,36.4,37.4,455,15.167,415,13.833,1026,34.2,1063,35.4,-1.2,0,202,6.7,560,18.7
James Madison,131,33,2210,67,2307,69.9,-2.9,39.4,429,628,19.0,68.3,1810,54.8,44,605,18.3,31.2,33.8,462,14,477,14.455,1149,34.8,1189,36,-1.2,0,204,6.2,532,16.1
Kansas,132,34,2780,81.8,2169,63.8,18,94.1,591,843,24.8,70.1,1988,58.5,48.8,604,17.8,40.9,33,583,17.147,441,12.971,1378,40.5,1148,33.8,6.8,0,286,8.4,621,18.3
Kansas St.,133,33,2626,79.6,2291,69.4,10.2,78.8,668,1005,30.5,66.5,1930,58.5,45,624,18.9,35.6,33.5,488,14.788,478,14.485,1289,39.1,1120,33.9,5.1,0,242,7.3,739,22.4
Kennesaw St.,134,33,2182,66.1,2314,70.1,-4,39.4,379,557,16.9,68,1924,58.3,40.7,715,21.7,32.9,34.9,417,12.636,480,14.545,1166,35.3,1236,37.5,-2.1,0,218,6.6,529,16
Kent St.,135,32,2249,70.3,2064,64.5,5.8,71.9,488,723,22.6,67.5,1828,57.1,43.3,557,17.4,31.8,32,413,12.906,391,12.219,1141,35.7,1097,34.3,1.4,0,275,8.6,597,18.7
Kentucky,136,34,2694,79.2,2219,65.3,14,94.1,587,865,25.4,67.9,1988,58.5,47.9,595,17.5,34.1,31.7,500,14.706,493,14.5,1406,41.4,1139,33.5,7.9,0,247,7.3,552,16.2
La Salle,137,30,2111,70.4,2193,73.1,-2.7,40,435,652,21.7,66.7,1718,57.3,44,487,16.2,33.7,34.4,415,13.833,471,15.7,1167,38.9,1034,34.5,4.4,0,187,6.2,517,17.2
La.-Monroe,138,31,2108,68,2224,71.7,-3.7,38.7,548,757,24.4,72.4,1621,52.3,42.1,550,17.7,35.3,37.8,298,9.6129,503,16.226,1039,33.5,987,31.8,1.7,0,216,7,627,20.2
Lafayette,139,32,2320,72.5,2287,71.5,1,59.4,512,670,20.9,76.4,1710,53.4,45.3,691,21.6,37.3,38.7,482,15.062,422,13.188,991,31,1134,35.4,-4.5,0,235,7.3,552,17.3
Lamar University,140,32,2200,68.8,2288,71.5,-2.8,43.8,568,839,26.2,67.7,1782,55.7,42.4,0,0.0,0,34.8,439,13.719,510,15.938,1257,39.3,1089,34,5.3,0,202,6.3,609,19
Lehigh,141,32,2404,75.1,2241,70,5.1,68.8,557,778,24.3,71.6,1791,56.0,45.6,532,16.6,40,34.4,484,15.125,416,13,1168,36.5,1118,34.9,1.6,0,197,6.2,573,17.9
Liberty,142,31,2093,67.5,2114,68.2,-0.7,48.4,468,669,21.6,70,1656,53.4,43.9,510,16.5,33.5,31.3,383,12.355,483,15.581,1141,36.8,1081,34.9,1.9,0,205,6.6,567,18.3
Lipscomb,143,30,2373,79.1,2255,75.2,3.9,56.7,478,678,22.6,70.5,1778,59.3,46.5,667,22.2,36.4,37.8,519,17.3,439,14.633,1105,36.8,1020,34,2.8,0,201,6.7,520,17.3
Little Rock,144,30,2028,67.6,2194,73.1,-5.5,26.7,503,720,24.0,69.9,1576,52.5,42.5,501,16.7,36.9,35.3,363,12.1,402,13.4,1019,34,1061,35.4,-1.4,0,141,4.7,597,19.9
LIU Brooklyn,145,31,2162,69.7,2225,71.8,-2,45.2,490,709,22.9,69.1,1802,58.1,40,661,21.3,34.8,35.4,335,10.806,438,14.129,1210,39,1152,37.2,1.9,0,180,5.8,551,17.8
Long Beach St.,146,33,2344,71,2347,71.1,-0.1,51.5,486,745,22.6,65.2,1912,57.9,43.3,613,18.6,33,31.6,440,13.333,473,14.333,1176,35.6,1238,37.5,-1.9,0,256,7.8,591,17.9
Longwood,147,31,2297,74.1,2437,78.6,-4.5,38.7,362,554,17.9,65.3,1963,63.3,43.8,632,20.4,34.3,36.7,524,16.903,475,15.323,1091,35.2,1186,38.3,-3.1,0,221,7.1,652,21
Louisiana,148,30,2043,68.1,2025,67.5,0.6,43.3,389,572,19.1,68,1657,55.2,44.8,521,17.4,32.2,34.9,351,11.7,391,13.033,958,31.9,1042,34.7,-2.8,0,207,6.9,610,20.3
Louisiana Tech,149,33,2451,74.3,2316,70.2,4.1,69.7,510,737,22.3,69.2,1933,58.6,45.2,571,17.3,34.2,36.1,401,12.152,431,13.061,1230,37.3,1130,34.2,3,0,219,6.6,534,16.2
Louisville,150,32,2443,76.3,2227,69.6,6.8,62.5,486,691,21.6,70.3,1900,59.4,44.7,758,23.7,33.9,34.3,498,15.562,438,13.688,1180,36.9,1128,35.3,1.6,0,249,7.8,644,20.1
Loyola Chicago,151,30,1945,64.8,2017,67.2,-2.4,46.7,405,589,19.6,68.8,1598,53.3,42.1,537,17.9,36.1,34.8,393,13.1,415,13.833,1072,35.7,995,33.2,2.6,0,149,5,523,17.4
Loyola Maryland,152,30,1949,65,1983,66.1,-1.1,43.3,439,628,20.9,69.9,1601,53.4,42,459,15.3,35.7,33.4,343,11.433,450,15,1053,35.1,1052,35.1,0,0,193,6.4,606,20.2
Loyola Marymount,153,33,2502,75.8,2495,75.6,0.2,54.5,543,786,23.8,69.1,1931,58.5,45.7,511,15.5,37.8,38.8,459,13.909,434,13.152,1181,35.8,1194,36.2,-0.4,0,248,7.5,633,19.2
LSU,154,31,1905,61.5,2059,66.4,-5,35.5,384,552,17.8,69.6,1727,55.7,40,0,0.0,0,34.6,354,11.419,397,12.806,1114,35.9,1084,35,1,0,189,6.1,547,17.6
Maine,155,30,1931,64.4,1864,62.1,2.2,63.3,435,634,21.1,68.6,1596,53.2,40.7,582,19.4,33.7,31.8,397,13.233,431,14.367,1089,36.3,1067,35.6,0.7,0,219,7.3,471,15.7
Manhattan,156,31,2031,65.5,2084,67.2,-1.7,35.5,444,649,20.9,68.4,1797,58.0,40.5,0,0.0,0,33.4,307,9.9032,361,11.645,1089,35.1,1195,38.5,-3.4,0,240,7.7,603,19.5
Marist,157,30,1684,56.1,2115,70.5,-14.4,3.3,280,439,14.6,63.8,1546,51.5,38.8,581,19.4,35.1,35.4,296,9.8667,424,14.133,904,30.1,1097,36.6,-6.4,0,156,5.2,553,18.4
Marquette,158,33,2407,72.9,2118,64.2,8.8,66.7,477,645,19.5,74,1839,55.7,45.4,645,19.5,40.6,31.7,500,15.152,340,10.303,1049,31.8,1088,33,-1.2,0,261,7.9,563,17.1
Marshall,159,32,2555,79.8,2179,68.1,11.8,71.9,552,805,25.2,68.6,1884,58.9,47.6,559,17.5,37.4,31,514,16.062,408,12.75,1260,39.4,1157,36.2,3.2,0,203,6.3,582,18.2
Maryland,160,31,2457,79.3,2092,67.5,11.8,74.2,465,644,20.8,72.2,1918,61.9,47.2,474,15.3,38.4,33.3,507,16.355,367,11.839,1196,38.6,1181,38.1,0.5,0,246,7.9,520,16.8
Massachusetts,161,32,2262,70.7,2396,74.9,-4.2,37.5,445,670,20.9,66.4,1976,61.8,40.2,754,23.6,30.1,36.9,380,11.875,446,13.938,1287,40.2,1196,37.4,2.8,0,176,5.5,652,20.4
McNeese,162,30,2032,67.7,2104,70.1,-2.4,33.3,339,528,17.6,64.2,1743,58.1,43.3,525,17.5,34.9,36,356,11.867,430,14.333,1048,34.9,1027,34.2,0.7,0,221,7.4,607,20.2
Memphis,163,32,2411,75.3,2072,64.8,10.6,71.9,546,784,24.5,69.6,1749,54.7,45.8,688,21.5,38.2,31.8,443,13.844,366,11.438,1040,32.5,1109,34.7,-2.2,0,267,8.3,605,18.9
Mercer,164,33,2514,76.2,2478,75.1,1.1,48.5,568,808,24.5,70.3,1866,56.5,44.8,785,23.8,34.9,32.9,446,13.515,488,14.788,1227,37.2,1149,34.8,2.4,0,199,6,617,18.7
Miami (FL),165,33,2390,72.4,2136,64.7,7.7,60.6,459,677,20.5,67.8,1820,55.2,46.3,670,20.3,36.6,33.1,461,13.97,464,14.061,1186,35.9,1082,32.8,3.2,0,229,6.9,573,17.4
Miami (OH),166,32,1996,62.4,2024,63.3,-0.9,43.8,427,587,18.3,72.7,1568,49.0,43.5,590,18.4,34.7,34.1,333,10.406,411,12.844,1017,31.8,1054,32.9,-1.2,0,159,5,582,18.2
Michigan,167,32,2059,64.3,1970,61.6,2.8,46.9,368,509,15.9,72.3,1758,54.9,41.6,760,23.8,29.9,32,456,14.25,326,10.188,990,30.9,1113,34.8,-3.8,0,223,7,468,14.6
Michigan St.,168,32,2324,72.6,2038,63.7,8.9,75,449,659,20.6,68.1,1819,56.8,47.3,0,0.0,0,32.5,534,16.688,449,14.031,1249,39,960,30,9,0,215,6.7,565,17.7
Middle Tenn.,169,32,2203,68.8,2048,64,4.8,59.4,489,664,20.8,73.6,1724,53.9,44.2,511,16.0,37.2,32.9,350,10.938,424,13.25,1073,33.5,1008,31.5,2,0,195,6.1,678,21.2
Milwaukee,170,34,2370,69.7,2314,68.1,1.6,58.8,542,791,23.3,68.5,1834,53.9,43,747,22.0,33.5,32.8,423,12.441,465,13.676,1241,36.5,1121,33,3.5,0,190,5.6,629,18.5
Minnesota,171,34,2479,72.9,2177,64,8.9,61.8,454,647,19.0,70.2,1887,55.5,47.3,591,17.4,40.4,34,569,16.735,433,12.735,1196,35.2,1128,33.2,2,0,271,8,561,16.5
Mississippi St.,172,34,2467,72.6,2193,64.5,8.1,67.6,455,669,19.7,68,1953,57.4,43.6,860,25.3,36,32.3,435,12.794,438,12.882,1339,39.4,1256,36.9,2.4,0,190,5.6,484,14.2
Mississippi Val.,173,32,2057,64.3,2315,72.3,-8.1,28.1,408,642,20.1,63.6,1766,55.2,40.9,633,19.8,32.1,34.3,390,12.188,552,17.25,1116,34.9,1177,36.8,-1.9,0,251,7.8,666,20.8
Missouri,174,32,2482,77.6,2106,65.8,11.8,68.8,484,665,20.8,72.8,1985,62.0,44.1,663,20.7,37.1,30.8,488,15.25,416,13,1132,35.4,1216,38,-2.6,0,350,10.9,617,19.3
Missouri St.,175,32,2271,71,2105,65.8,5.2,62.5,463,642,20.1,72.1,1786,55.8,44.4,604,18.9,36.8,37,441,13.781,367,11.469,1119,35,1012,31.6,3.3,0,181,5.7,605,18.9
Monmouth,176,31,1976,63.7,2065,66.6,-2.9,38.7,416,607,19.6,68.5,1689,54.5,40.4,630,20.3,31.1,32.8,405,13.065,447,14.419,1038,33.5,1113,35.9,-2.4,0,226,7.3,565,18.2
Montana,177,31,2171,70,1898,61.2,8.8,71,429,591,19.1,72.6,1582,51.0,48.6,505,16.3,40.4,36.4,379,12.226,378,12.194,1011,32.6,930,30,2.6,0,201,6.5,550,17.7
Montana St.,178,29,1992,68.7,1962,67.7,1,51.7,402,584,20.1,68.8,1548,53.4,44.5,585,20.2,36.2,34.7,365,12.586,331,11.414,912,31.4,1027,35.4,-4,0,180,6.2,516,17.8
Morehead St.,179,33,2342,71,2065,62.6,8.4,69.7,461,672,20.4,68.6,1845,55.9,44.7,623,18.9,37.4,35.3,465,14.091,481,14.576,1224,37.1,959,29.1,8,0,294,8.9,648,19.6
Morgan St.,180,36,2763,76.8,2529,70.3,6.5,75,677,963,26.8,70.3,2178,60.5,43.3,598,16.6,33.8,32.7,458,12.722,487,13.528,1450,40.3,1302,36.2,4.1,0,237,6.6,760,21.1
Mt. St. Mary's,181,31,2045,66,1959,63.2,2.8,51.6,434,681,22.0,63.7,1692,54.6,42.2,523,16.9,35,30.6,352,11.355,415,13.387,1082,34.9,1151,37.1,-2.2,0,235,7.6,543,17.5
Murray St.,182,34,2635,77.5,2056,60.5,17,88.2,557,792,23.3,70.3,1857,54.6,50.3,570,16.8,36.8,33.2,531,15.618,498,14.647,1241,36.5,1036,30.5,6,0,340,10,580,17.1
N.C. A&T,183,33,2241,67.9,2376,72,-4.1,33.3,428,686,20.8,62.4,1931,58.5,40.1,863,26.2,30.7,34.1,410,12.424,501,15.182,1224,37.1,1344,40.7,-3.6,0,219,6.6,570,17.3
N.C. Central,184,29,1748,60.3,2043,70.4,-10.2,24.1,326,485,16.7,67.2,1621,55.9,39.4,450,15.5,32.4,32.1,368,12.69,485,16.724,913,31.5,1063,36.7,-5.2,0,237,8.2,546,18.8
Navy,185,30,2138,71.3,2261,75.4,-4.1,43.3,474,665,22.2,71.3,1736,57.9,40.8,704,23.5,34.9,34.9,394,13.133,443,14.767,993,33.1,1187,39.6,-6.5,0,209,7,650,21.7
NC State,186,34,2288,67.3,2193,64.5,2.8,55.9,472,693,20.4,68.1,1867,54.9,43.7,556,16.4,33.5,31.1,465,13.676,445,13.088,1188,34.9,1214,35.7,-0.8,0,223,6.6,611,18
Nebraska,187,33,2194,66.5,2169,65.7,0.8,45.5,441,654,19.8,67.4,1745,52.9,44,547,16.6,39.7,37.3,471,14.273,416,12.606,1069,32.4,1080,32.7,-0.3,0,223,6.8,626,19
Nevada,188,32,2546,79.6,2396,74.9,4.7,62.5,473,658,20.6,71.9,1923,60.1,48.3,583,18.2,36.9,34.7,456,14.25,373,11.656,1181,36.9,1130,35.3,1.6,0,165,5.2,549,17.2
New Hampshire,189,30,1825,60.8,1873,62.4,-1.6,43.3,421,653,21.8,64.5,1628,54.3,37.5,613,20.4,29.7,30.9,312,10.4,395,13.167,1084,36.1,1059,35.3,0.8,0,142,4.7,601,20
New Mexico,190,33,2529,76.6,2213,67.1,9.6,87.9,588,869,26.3,67.7,1904,57.7,44.1,702,21.3,37.5,33.1,476,14.424,370,11.212,1278,38.7,1088,33,5.8,0,223,6.8,583,17.7
New Mexico St.,191,33,2595,78.6,2569,77.8,0.8,66.7,524,745,22.6,70.3,1940,58.8,46.2,753,22.8,37.1,35.6,476,14.424,426,12.909,1172,35.5,1242,37.6,-2.1,0,196,5.9,572,17.3
New Orleans,192,30,1778,59.3,1986,66.2,-6.9,26.7,424,618,20.6,68.6,1471,49.0,40.3,497,16.6,33.8,35.7,321,10.7,478,15.933,951,31.7,983,32.8,-1.1,0,189,6.3,607,20.2
Niagara,193,33,2382,72.2,2289,69.4,2.8,54.5,504,743,22.5,67.8,1990,60.3,40.8,791,24.0,32.1,30,440,13.333,406,12.303,1226,37.2,1330,40.3,-3.2,0,270,8.2,620,18.8
Nicholls St.,194,30,1967,65.6,2114,70.5,-4.9,36.7,431,624,20.8,69.1,1530,51.0,43.6,609,20.3,33.2,42.2,404,13.467,398,13.267,815,27.2,948,31.6,-4.4,0,258,8.6,640,21.3
NJIT,195,31,1905,61.5,2070,66.8,-5.3,32.3,379,584,18.8,64.9,1757,56.7,37.8,624,20.1,31.4,33.6,376,12.129,461,14.871,1064,34.3,1172,37.8,-3.5,0,229,7.4,615,19.8
Norfolk St.,196,30,2119,70.6,2260,75.3,-4.7,36.7,435,684,22.8,63.6,1692,56.4,46,0,0.0,0,30.8,342,11.4,542,18.067,1119,37.3,1113,37.1,0.2,0,251,8.4,681,22.7
North Carolina,197,32,2406,75.2,2314,72.3,2.9,50,504,767,24.0,65.7,1974,61.7,44.3,0,0.0,0,34.2,500,15.625,493,15.406,1343,42,1165,36.4,5.6,0,218,6.8,481,15
North Dakota,198,31,1941,62.6,2225,71.8,-9.2,25.8,459,674,21.7,68.1,1495,48.2,42.1,626,20.2,35.5,37,357,11.516,504,16.258,977,31.5,1025,33.1,-1.5,0,173,5.6,638,20.6
North Dakota St.,199,29,2047,70.6,2087,72,-1.4,37.9,435,597,20.6,72.9,1707,58.9,43,0,0.0,0,34.7,410,14.138,382,13.172,1073,37,1031,35.6,1.4,0,151,5.2,553,19.1
North Florida,200,31,1830,59,2019,65.1,-6.1,41.9,379,602,19.4,63,1530,49.4,41.6,517,16.7,34.2,35.1,375,12.097,481,15.516,978,31.5,1114,35.9,-4.4,0,184,5.9,624,20.1
North Texas,201,32,2375,74.2,2221,69.4,4.8,75,639,890,27.8,71.8,1693,52.9,46.1,519,16.2,33.5,32.1,386,12.062,469,14.656,1184,37,1054,32.9,4.1,0,142,4.4,573,17.9
Northeastern,202,32,2067,64.6,1924,60.1,4.5,62.5,416,578,18.1,72,1643,51.3,45,495,15.5,34.5,34.6,383,11.969,380,11.875,981,30.7,1067,33.3,-2.7,0,228,7.1,500,15.6
Northern Ariz.,203,28,1965,70.2,2003,71.5,-1.4,50,386,573,20.5,67.4,1494,53.4,47.1,464,16.6,36.9,34.7,454,16.214,430,15.357,944,33.7,917,32.8,1,0,190,6.8,550,19.6
Northern Colo.,204,31,2286,73.7,2066,66.6,7.1,77.4,574,770,24.8,74.5,1650,53.2,44.5,620,20.0,39,34.9,365,11.774,398,12.839,1026,33.1,1003,32.4,0.7,0,228,7.4,621,20
Northern Ill.,205,30,2017,67.2,2158,71.9,-4.7,33.3,445,689,23.0,64.6,1739,58.0,40.1,587,19.6,30,35.7,399,13.3,459,15.3,1150,38.3,1081,36,2.3,0,198,6.6,650,21.7
Northwestern,207,33,2287,69.3,2162,65.5,3.8,60.6,449,629,19.1,71.4,1759,53.3,43.5,858,26.0,35.9,31.4,551,16.697,362,10.97,1055,32,1138,34.5,-2.5,0,216,6.5,626,19
Northwestern St.,208,29,2186,75.4,2333,80.4,-5.1,34.5,510,838,28.9,60.9,1720,59.3,43.4,524,18.1,34.7,34.8,363,12.517,487,16.793,1093,37.7,1205,41.6,-3.9,0,229,7.9,678,23.4
Notre Dame,209,34,2585,76,2342,68.9,7.1,67.6,536,741,21.8,72.3,1894,55.7,47.4,647,19.0,39.4,35.1,573,16.853,352,10.353,1212,35.6,1097,32.3,3.4,0,188,5.5,516,15.2
Oakland,210,34,2610,76.8,2415,71,5.7,76.5,606,844,24.8,71.8,1996,58.7,45.1,619,18.2,32.6,34.2,453,13.324,468,13.765,1312,38.6,1136,33.4,5.2,0,228,6.7,607,17.9
Ohio,211,35,2598,74.2,2403,68.7,5.6,60,601,831,23.7,72.3,2040,58.3,42.7,710,20.3,35.9,31,494,14.114,447,12.771,1312,37.5,1325,37.9,-0.4,0,263,7.5,661,18.9
Ohio St.,212,34,2524,74.2,2081,61.2,13,79.4,451,656,19.3,68.8,1838,54.1,49.6,642,18.9,38.8,34.3,500,14.706,385,11.324,1138,33.5,1065,31.3,2.1,0,243,7.1,520,15.3
Oklahoma,213,31,2235,72.1,2283,73.6,-1.5,41.9,451,606,19.5,74.4,1782,57.5,43,721,23.3,35,38.9,391,12.613,382,12.323,1066,34.4,1101,35.5,-1.1,0,180,5.8,505,16.3
Oklahoma St.,214,32,2378,74.3,2179,68.1,6.2,68.8,476,666,20.8,71.5,1817,56.8,45,762,23.8,35.2,36.4,401,12.531,407,12.719,1152,36,1090,34.1,1.9,0,206,6.4,644,20.1
Old Dominion,215,34,2296,67.5,1943,57.1,10.4,76.5,381,591,17.4,64.5,1960,57.6,44.8,0,0.0,0,30,527,15.5,435,12.794,1332,39.2,1034,30.4,8.8,0,266,7.8,533,15.7
Ole Miss,216,31,2416,77.9,2173,70.1,7.8,67.7,413,625,20.2,66.1,1918,61.9,45.6,699,22.5,36.5,33.7,429,13.839,385,12.419,1204,38.8,1154,37.2,1.6,0,232,7.5,593,19.1
Oral Roberts,218,33,2313,70.1,2182,66.1,4,60.6,508,745,22.6,68.2,1865,56.5,44.3,0,0.0,0,36.1,396,12,450,13.636,1272,38.5,1103,33.4,5.1,0,205,6.2,595,18
Oregon,219,32,2237,69.9,2247,70.2,-0.3,50,446,624,19.5,71.5,1869,58.4,43,545,17.0,33.9,35.6,355,11.094,408,12.75,1094,34.2,1052,32.9,1.3,0,220,6.9,606,18.9
Oregon St.,220,31,1851,59.7,1893,61.1,-1.4,45.2,427,636,20.5,67.1,1500,48.4,43.1,0,0.0,0,30.8,350,11.29,461,14.871,982,31.7,971,31.3,0.4,0,252,8.1,514,16.6
Pacific,221,31,2019,65.1,1864,60.1,5,64.5,372,565,18.2,65.8,1648,53.2,43.9,587,18.9,34.2,35.4,399,12.871,346,11.161,1065,34.4,998,32.2,2.2,0,172,5.5,529,17.1
Penn,222,28,1751,62.5,2031,72.5,-10,21.4,376,502,17.9,74.9,1440,51.4,41.4,577,20.6,31.7,38.5,376,13.429,420,15,853,30.5,917,32.8,-2.3,0,147,5.3,535,19.1
Penn St.,223,31,2013,64.9,2005,64.7,0.3,35.5,383,542,17.5,70.7,1632,52.6,43.6,607,19.6,34.3,36.3,410,13.226,360,11.613,1055,34,957,30.9,3.2,0,143,4.6,503,16.2
Pepperdine,224,31,2044,65.9,2316,74.7,-8.8,22.6,464,659,21.3,70.4,1760,56.8,39.4,569,18.4,34.1,35.3,342,11.032,423,13.645,1122,36.2,1108,35.7,0.5,0,152,4.9,599,19.3
Pittsburgh,225,32,2179,68.1,1964,61.4,6.7,75,501,721,22.5,69.5,1691,52.8,44.6,493,15.4,34.5,31.3,506,15.812,397,12.406,1191,37.2,1036,32.4,4.8,0,163,5.1,550,17.2
Portland,226,31,2233,72,2036,65.7,6.4,67.7,444,606,19.5,73.3,1665,53.7,46.5,600,19.4,40.2,35.1,456,14.71,408,13.161,1042,33.6,949,30.6,3,0,203,6.5,484,15.6
Portland St.,227,32,2496,78,2536,79.3,-1.3,40.6,462,644,20.1,71.7,1862,58.2,47.7,690,21.6,37.4,39.5,424,13.25,431,13.469,1019,31.8,1110,34.7,-2.8,0,201,6.3,596,18.6
Prairie View,228,30,1930,64.3,1865,62.2,2.2,53.3,386,629,21.0,61.4,1723,57.4,39.6,605,20.2,29.8,29.6,392,13.067,427,14.233,1128,37.6,1156,38.5,-0.9,0,240,8,527,17.6
Presbyterian,229,31,1873,60.4,2267,73.1,-12.7,16.1,313,450,14.5,69.6,1631,52.6,42.6,522,16.8,33,36.9,345,11.129,482,15.548,926,29.9,1168,37.7,-7.8,0,178,5.7,504,16.3
Princeton,230,28,1673,59.8,1464,52.3,7.5,71.4,310,428,15.3,72.4,1341,47.9,43.8,518,18.5,36.5,33,330,11.786,369,13.179,851,30.4,810,28.9,1.5,0,218,7.8,466,16.6
Providence,231,31,2554,82.4,2547,82.2,0.2,38.7,479,714,23.0,67.1,2104,67.9,43.4,754,24.3,33,34.3,443,14.29,394,12.71,1253,40.4,1180,38.1,2.4,0,248,8,615,19.8
Purdue,232,32,2275,71.1,1949,60.9,10.2,84.4,515,709,22.2,72.6,1781,55.7,44.6,539,16.8,31.9,35.7,449,14.031,348,10.875,1066,33.3,1087,34,-0.7,0,221,6.9,598,18.7
Quinnipiac,233,32,2354,73.6,2113,66,7.5,71.9,549,762,23.8,72,1863,58.2,45,0,0.0,0,35.2,430,13.438,442,13.812,1303,40.7,1010,31.6,9.2,0,227,7.1,610,19.1
Radford,234,31,2217,71.5,2127,68.6,2.9,61.3,441,744,24.0,59.3,1847,59.6,44.3,0,0.0,0,32.7,503,16.226,467,15.065,1340,43.2,1112,35.9,7.4,0,182,5.9,495,16
Rhode Island,235,32,2430,75.9,2241,70,5.9,71.9,443,634,19.8,69.9,1984,62.0,44.9,622,19.4,33.3,35.7,483,15.094,355,11.094,1117,34.9,1130,35.3,-0.4,0,258,8.1,525,16.4
Rice,236,31,1983,64,2161,69.7,-5.7,25.8,413,638,20.6,64.7,1739,56.1,40.4,532,17.2,30.8,34.9,369,11.903,436,14.065,1097,35.4,1096,35.4,0,0,229,7.4,615,19.8
Richmond,237,34,2356,69.3,2116,62.2,7.1,76.5,430,617,18.1,69.7,1890,55.6,44.6,683,20.1,35.1,29.7,432,12.706,383,11.265,1122,33,1287,37.9,-4.9,0,283,8.3,611,18
Rider,238,33,2295,69.5,2362,71.6,-2,51.5,455,661,20.0,68.8,1914,58.0,42.4,646,19.6,33.7,35.4,411,12.455,425,12.879,1150,34.8,1252,37.9,-3.1,0,225,6.8,582,17.6
Robert Morris,239,34,2329,68.5,2233,65.7,2.8,67.6,551,833,24.5,66.1,1813,53.3,43.7,526,15.5,36.5,32.3,425,12.5,500,14.706,1192,35.1,1143,33.6,1.4,0,257,7.6,726,21.4
Rutgers,240,32,2160,67.5,2295,71.7,-4.2,46.9,415,623,19.5,66.6,1810,56.6,42.4,635,19.8,33.2,33.6,438,13.688,466,14.562,1146,35.8,1241,38.8,-3,0,186,5.8,517,16.2
Sacramento St.,241,30,1935,64.5,2140,71.3,-6.8,30,417,583,19.4,71.5,1632,54.4,41.1,507,16.9,34.7,35,385,12.833,424,14.133,970,32.3,1099,36.6,-4.3,0,216,7.2,563,18.8
Sacred Heart,242,29,2087,72,2123,73.2,-1.2,48.3,295,477,16.4,61.8,1743,60.1,44.2,635,21.9,39.7,36.4,426,14.69,462,15.931,1077,37.1,984,33.9,3.2,0,201,6.9,550,19
Saint Francis (PA),243,30,1875,62.5,2104,70.1,-7.6,36.7,406,555,18.5,73.2,1523,50.8,41.6,551,18.4,36.8,35.3,386,12.867,476,15.867,922,30.7,1021,34,-3.3,0,174,5.8,603,20.1
Saint Joseph's,244,31,2141,69.1,2330,75.2,-6.1,35.5,488,687,22.2,71,1775,57.3,41.2,637,20.5,30,33.4,406,13.097,407,13.129,1001,32.3,1249,40.3,-8,0,226,7.3,553,17.8
Saint Louis,245,31,1962,63.3,1854,59.8,3.5,64.5,360,587,18.9,61.3,1605,51.8,43.8,587,18.9,33.4,27.5,385,12.419,412,13.29,1030,33.2,1116,36,-2.8,0,175,5.6,529,17.1
Saint Mary's (CA),246,31,2464,79.5,2047,66,13.5,83.9,451,590,19.0,76.4,1795,57.9,48.7,639,20.6,41.2,28.3,512,16.516,359,11.581,1142,36.8,1006,32.5,4.4,0,160,5.2,521,16.8
Saint Peter's,247,30,1863,62.1,1808,60.3,1.8,53.3,389,586,19.5,66.4,1660,55.3,39.8,479,16.0,31.7,30.8,311,10.367,489,16.3,1169,39,1040,34.7,4.3,0,227,7.6,591,19.7
Sam Houston St.,248,32,2557,79.9,2216,69.3,10.7,78.1,504,714,22.3,70.6,1895,59.2,46.8,744,23.3,37.8,33.2,653,20.406,431,13.469,1210,37.8,1060,33.1,4.7,0,250,7.8,641,20
Samford,249,31,1789,57.7,1881,60.7,-3,35.5,302,453,14.6,66.7,1365,44.0,45.4,696,22.5,35.5,36.1,405,13.065,399,12.871,867,28,982,31.7,-3.7,0,162,5.2,443,14.3
San Diego,250,32,1996,62.4,2119,66.2,-3.8,34.4,416,584,18.3,71.2,1652,51.6,41.2,616,19.3,35.7,37.5,367,11.469,429,13.406,972,30.4,1060,33.1,-2.8,0,213,6.7,585,18.3
San Diego St.,251,33,2330,70.6,2039,61.8,8.8,75.8,444,720,21.8,61.7,1794,54.4,47.7,546,16.5,32.2,34.7,448,13.576,443,13.424,1224,37.1,1003,30.4,6.7,0,248,7.5,536,16.2
San Francisco,252,30,2116,70.5,2186,72.9,-2.3,40,499,727,24.2,68.6,1618,53.9,44.7,483,16.1,35.4,36.1,369,12.3,441,14.7,1076,35.9,967,32.2,3.6,0,161,5.4,544,18.1
San Jose St.,253,31,2289,73.8,2342,75.5,-1.7,45.2,495,680,21.9,72.8,1748,56.4,45.5,509,16.4,39.7,36.8,416,13.419,392,12.645,1090,35.2,1077,34.7,0.4,0,145,4.7,521,16.8
Santa Clara,254,32,2049,64,2225,69.5,-5.5,34.4,508,743,23.2,68.4,1692,52.9,41.1,0,0.0,0,39.9,316,9.875,493,15.406,1091,34.1,1090,34.1,0,0,232,7.3,634,19.8
Savannah St.,255,26,1528,58.8,1604,61.7,-2.9,42.3,288,443,17.0,65,1329,51.1,42.4,0,0.0,0,33.5,303,11.654,418,16.077,852,32.8,807,31,1.7,0,194,7.5,476,18.3
Seattle U,256,31,2489,80.3,2488,80.3,0,54.8,563,872,28.1,64.6,1987,64.1,44.3,492,15.9,33.3,32.9,376,12.129,549,17.71,1244,40.1,1115,36,4.2,0,288,9.3,727,23.5
Seton Hall,257,31,2494,80.5,2327,75.1,5.4,61.3,470,690,22.3,68.1,2028,65.4,44.9,601,19.4,33.9,32.3,475,15.323,335,10.806,1200,38.7,1229,39.6,-0.9,0,232,7.5,583,18.8
SFA,258,32,2126,66.4,1914,59.8,6.6,71.9,433,611,19.1,70.9,1703,53.2,45.7,0,0.0,0,33.6,429,13.406,413,12.906,1085,33.9,935,29.2,4.7,0,216,6.8,565,17.7
Siena,259,33,2490,75.5,2154,65.3,10.2,81.8,519,775,23.5,67,1978,59.9,45.9,0,0.0,0,32.9,477,14.455,404,12.242,1265,38.3,1130,34.2,4.1,0,291,8.8,455,13.8
SIUE,260,28,1739,62.1,2122,75.8,-13.7,17.9,347,494,17.6,70.2,1565,55.9,39.1,534,19.1,31.5,36.9,337,12.036,409,14.607,914,32.6,1109,39.6,-7,0,146,5.2,555,19.8
SMU,261,31,2053,66.2,1998,64.5,1.8,45.2,450,643,20.7,70,1554,50.1,45.7,521,16.8,35.1,35.8,333,10.742,425,13.71,1032,33.3,917,29.6,3.7,0,176,5.7,518,16.7
South Ala.,262,32,2124,66.4,2177,68,-1.7,53.1,486,685,21.4,70.9,1771,55.3,41.7,464,14.5,34.5,33.8,374,11.688,462,14.438,1163,36.3,1153,36,0.3,0,193,6,588,18.4
South Carolina,263,31,2227,71.8,2197,70.9,1,48.4,371,571,18.4,65,1961,63.3,41.8,675,21.8,32,34.6,306,9.871,382,12.323,1078,34.8,1236,39.9,-5.1,0,269,8.7,549,17.7
South Carolina St.,264,32,2224,69.5,2225,69.5,0,56.3,494,675,21.1,73.2,1766,55.2,44.4,529,16.5,30.6,32.4,423,13.219,497,15.531,1110,34.7,1093,34.2,0.5,0,224,7,602,18.8
South Dakota,265,31,2465,79.5,2257,72.8,6.7,71,517,779,25.1,66.4,1799,58.0,47.7,627,20.2,37,34.9,521,16.806,454,14.645,1177,38,1201,38.7,-0.8,0,216,7,433,14
South Dakota St.,266,30,2227,74.2,2197,73.2,1,46.7,573,769,25.6,74.5,1710,57.0,42.2,574,19.1,36.9,36.9,351,11.7,364,12.133,1061,35.4,1056,35.2,0.2,0,166,5.5,554,18.5
South Fla.,267,32,2169,67.8,2118,66.2,1.6,62.5,522,765,23.9,68.2,1717,53.7,44.1,0,0.0,0,32,385,12.031,405,12.656,1144,35.8,1106,34.6,1.2,0,198,6.2,550,17.2
Southeast Mo. St.,268,30,1927,64.2,2172,72.4,-8.2,23.3,428,656,21.9,65.2,1621,54.0,40.8,498,16.6,35.1,36.2,335,11.167,465,15.5,1026,34.2,1095,36.5,-2.3,0,178,5.9,654,21.8
Southeastern La.,269,31,2255,72.7,2074,66.9,5.8,61.3,456,648,20.9,70.4,1667,53.8,47.7,539,17.4,38.8,33,442,14.258,459,14.806,1042,33.6,1102,35.5,-1.9,0,231,7.5,614,19.8
Southern California,270,30,1789,59.6,1715,57.2,2.5,53.3,358,550,18.3,65.1,1551,51.7,42.7,0,0.0,0,32.3,282,9.4,434,14.467,1047,34.9,941,31.4,3.5,0,171,5.7,531,17.7
Southern Ill.,271,30,2104,70.1,2026,67.5,2.6,50,420,608,20.3,69.1,1614,53.8,45.8,563,18.8,36.2,34.4,411,13.7,405,13.5,978,32.6,962,32.1,0.5,0,192,6.4,629,21
Southern Miss.,272,33,2143,64.9,1968,59.6,5.3,60.6,521,719,21.8,72.5,1757,53.2,41.8,0,0.0,0,30.1,321,9.7273,421,12.758,1245,37.7,1014,30.7,7,0,173,5.2,599,18.2
Southern U.,273,30,1802,60.1,2173,72.4,-12.4,16.7,368,616,20.5,59.7,1675,55.8,38.6,0,0.0,0,33.2,363,12.1,489,16.3,1025,34.2,1253,41.8,-7.6,0,177,5.9,502,16.7
Southern Utah,274,29,1861,64.2,2125,73.3,-9.1,24.1,411,566,19.5,72.6,1498,51.7,44.1,0,0.0,0,33.9,340,11.724,528,18.207,1012,34.9,979,33.8,1.1,0,165,5.7,585,20.2
St. Bonaventure,275,31,2173,70.1,2182,70.4,-0.3,48.4,406,614,19.8,66.1,1734,55.9,46.3,474,15.3,34,33.3,458,14.774,446,14.387,1099,35.5,1046,33.7,1.7,0,180,5.8,598,19.3
St. Francis Brooklyn,276,29,1753,60.4,1884,65,-4.5,37.9,343,558,19.2,61.5,1525,52.6,40,609,21.0,31.2,34.6,344,11.862,449,15.483,944,32.6,1022,35.2,-2.7,0,232,8,545,18.8
St. John's (NY),277,32,2150,67.2,2095,65.5,1.7,53.1,387,595,18.6,65,1865,58.3,42.5,543,17.0,33,35.2,411,12.844,401,12.531,1184,37,1108,34.6,2.4,0,215,6.7,590,18.4
Stanford,278,32,2212,69.1,2237,69.9,-0.8,43.8,444,669,20.9,66.4,1796,56.1,43.4,594,18.6,35.4,33.3,419,13.094,388,12.125,1081,33.8,1121,35,-1.3,0,172,5.4,561,17.5
Stetson,279,29,1744,60.1,2097,72.3,-12.2,24.1,316,517,17.8,61.1,1581,54.5,38.8,648,22.3,30.9,36.4,323,11.138,423,14.586,898,31,1097,37.8,-6.9,0,186,6.4,566,19.5
Stony Brook,280,31,2139,69,1971,63.6,5.4,71,453,654,21.1,69.3,1742,56.2,43.1,518,16.7,35.5,35,360,11.613,395,12.742,1139,36.7,1039,33.5,3.2,0,218,7,556,17.9
Syracuse,281,32,2607,81.5,2140,66.9,14.6,87.5,468,697,21.8,67.1,1865,58.3,51.6,558,17.4,38.5,31,620,19.375,483,15.094,1221,38.2,1104,34.5,3.7,0,320,10,468,14.6
TCU,282,32,2169,67.8,2269,70.9,-3.1,40.6,403,576,18.0,70,1707,53.3,44.5,704,22.0,35.2,34,441,13.781,449,14.031,1021,31.9,1062,33.2,-1.3,0,169,5.3,612,19.1
Temple,283,34,2208,64.9,1909,56.1,8.8,85.3,361,524,15.4,68.9,1890,55.6,43.6,588,17.3,33.8,28.1,501,14.735,356,10.471,1261,37.1,1113,32.7,4.4,0,160,4.7,501,14.7
Tennessee,284,33,2430,73.6,2143,64.9,8.7,75.8,470,703,21.3,66.9,1951,59.1,45.3,619,18.8,31.3,29.3,473,14.333,437,13.242,1212,36.7,1189,36,0.7,0,267,8.1,657,19.9
Tennessee St.,285,32,2154,67.3,2374,74.2,-6.9,28.1,396,562,17.6,70.5,1844,57.6,40.7,693,21.7,37.2,35.9,397,12.406,511,15.969,1063,33.2,1145,35.8,-2.6,0,254,7.9,631,19.7
Tennessee Tech,286,32,2375,74.2,2474,77.3,-3.1,46.9,499,720,22.5,69.3,1801,56.3,46.9,486,15.2,38.3,37.3,423,13.219,481,15.031,1105,34.5,1108,34.6,-0.1,0,201,6.3,696,21.8
Texas,287,33,2681,81.2,2300,69.7,11.5,72.7,536,845,25.6,63.4,2089,63.3,46.9,542,16.4,34.5,32.1,478,14.485,459,13.909,1391,42.2,1167,35.4,6.8,0,258,7.8,650,19.7
Texas A&M,288,32,2296,71.8,2076,64.9,6.9,71.9,569,861,26.9,66.1,1730,54.1,44.2,591,18.5,33.3,33.6,391,12.219,392,12.25,1168,36.5,1090,34.1,2.4,0,211,6.6,593,18.5
Texas Southern,289,33,2241,67.9,2167,65.7,2.2,51.5,457,722,21.9,63.3,1765,53.5,46.6,0,0.0,0,32.5,402,12.182,574,17.394,1104,33.5,1095,33.2,0.3,0,341,10.3,690,20.9
Texas St.,290,31,2392,77.2,2413,77.8,-0.7,48.4,592,886,28.6,66.8,1902,61.4,41.7,644,20.8,33.2,38.1,449,14.484,556,17.935,1226,39.5,1155,37.3,2.3,0,285,9.2,773,24.9
Texas Tech,291,32,2441,76.3,2439,76.2,0.1,53.1,590,823,25.7,71.7,1905,59.5,43.9,475,14.8,37.3,33.6,452,14.125,439,13.719,1150,35.9,1238,38.7,-2.8,0,222,6.9,691,21.6
The Citadel,292,32,1950,60.9,1914,59.8,1.1,50,347,480,15.0,72.3,1669,52.2,41.2,647,20.2,35.4,32.1,350,10.938,343,10.719,1023,32,1058,33.1,-1.1,0,165,5.2,488,15.3
Toledo,293,32,1734,54.2,2137,66.8,-12.6,12.5,276,440,13.8,62.7,1572,49.1,41,503,15.7,33.4,33.6,346,10.812,464,14.5,984,30.8,1086,33.9,-3.2,0,137,4.3,562,17.6
Towson,294,31,2124,68.5,2363,76.2,-7.7,32.3,426,638,20.6,66.8,1796,57.9,41.8,565,18.2,34.7,33.6,391,12.613,396,12.774,1063,34.3,1239,40,-5.7,0,195,6.3,524,16.9
Troy,295,32,2402,75.1,2294,71.7,3.4,62.5,355,545,17.0,65.1,1916,59.9,47.3,632,19.8,37.2,35.7,410,12.812,395,12.344,1160,36.3,1147,35.8,0.4,0,227,7.1,517,16.2
Tulane,296,30,1864,62.1,2005,66.8,-4.7,26.7,424,612,20.4,69.3,1603,53.4,39.7,518,17.3,32.4,31.2,328,10.933,412,13.733,925,30.8,1093,36.4,-5.6,0,231,7.7,610,20.3
Tulsa,297,34,2426,71.4,2209,65,6.4,67.6,606,858,25.2,70.6,1812,53.3,45.6,0,0.0,0,31.4,425,12.5,450,13.235,1293,38,1102,32.4,5.6,0,154,4.5,598,17.6
UAB,298,31,2084,67.2,1892,61,6.2,74.2,519,750,24.2,69.2,1651,53.3,42.4,526,17.0,31.4,31.4,358,11.548,412,13.29,1131,36.5,984,31.7,4.7,0,194,6.3,567,18.3
UC Davis,299,32,2225,69.5,2262,70.7,-1.2,43.8,513,729,22.8,70.4,1700,53.1,44.2,589,18.4,35.7,35.5,446,13.938,482,15.062,1015,31.7,1073,33.5,-1.8,0,247,7.7,641,20
UC Irvine,300,32,2162,67.6,2228,69.6,-2.1,43.8,476,658,20.6,72.3,1772,55.4,42.3,543,17.0,34.6,39.4,419,13.094,367,11.469,1060,33.1,1124,35.1,-2,0,181,5.7,603,18.8
UC Riverside,301,29,1833,63.2,1859,64.1,-0.9,41.4,394,608,21.0,64.8,1546,53.3,41.6,433,14.9,35.3,36.7,353,12.172,377,13,1063,36.7,930,32.1,4.6,0,149,5.1,532,18.3
UC Santa Barbara,302,29,1977,68.2,1904,65.7,2.5,69,470,691,23.8,68,1460,50.3,44.8,525,18.1,37.9,30.3,403,13.897,451,15.552,949,32.7,1013,34.9,-2.2,0,196,6.8,556,19.2
UCF,303,32,2133,66.7,2184,68.3,-1.6,46.9,439,644,20.1,68.2,1716,53.6,44.2,526,16.4,33.8,34.9,474,14.812,457,14.281,1052,32.9,1088,34,-1.1,0,248,7.8,599,18.7
UCLA,304,32,2139,66.8,2195,68.6,-1.8,43.8,385,609,19.0,63.2,1666,52.1,47.1,573,17.9,32.5,36.3,489,15.281,460,14.375,1018,31.8,1040,32.5,-0.7,0,206,6.4,512,16
UConn,305,32,2258,70.6,2144,67,3.6,53.1,549,795,24.8,69.1,1767,55.2,45,0,0.0,0,32.2,443,13.844,481,15.031,1262,39.4,1146,35.8,3.6,0,214,6.7,507,15.8
UMBC,307,30,1893,63.1,2215,73.8,-10.7,13.3,375,544,18.1,68.9,1656,55.2,41.3,464,15.5,32.3,36.7,332,11.067,341,11.367,918,30.6,1205,40.2,-9.6,0,179,6,564,18.8
UMES,308,32,1945,60.8,2216,69.3,-8.5,34.4,402,624,19.5,64.4,1722,53.8,40.1,528,16.5,30.5,29.8,359,11.219,486,15.188,1159,36.2,1145,35.8,0.4,0,173,5.4,595,18.6
UMKC,309,30,2002,66.7,2106,70.2,-3.5,40,458,654,21.8,70,1629,54.3,42.1,515,17.2,33.8,36.5,345,11.5,383,12.767,931,31,984,32.8,-1.8,0,179,6,624,20.8
UNC Asheville,310,31,2296,74.1,2401,77.5,-3.4,48.4,483,717,23.1,67.4,1852,59.7,44.4,557,18.0,30.3,34,507,16.355,521,16.806,1229,39.6,1189,38.4,1.3,0,232,7.5,603,19.5
UNCG,311,31,1966,63.4,2226,71.8,-8.4,25.8,426,610,19.7,69.8,1803,58.2,38.6,0,0.0,0,35.4,286,9.2258,444,14.323,1120,36.1,1090,35.2,1,0,186,6,593,19.1
UNCW,312,31,2051,66.2,2215,71.5,-5.3,29,400,620,20.0,64.5,1741,56.2,41.5,620,20.0,33.4,30.3,393,12.677,492,15.871,1135,36.6,1176,37.9,-1.3,0,159,5.1,633,20.4
UNI,313,32,2026,63.3,1737,54.3,9,87.5,439,582,18.2,75.4,1597,49.9,43.1,598,18.7,35.3,33.2,341,10.656,337,10.531,1039,32.5,944,29.5,3,0,176,5.5,511,16
UNLV,314,33,2419,73.3,2099,63.6,9.7,75.8,449,625,18.9,71.8,1892,57.3,46.2,673,20.4,33,32.7,539,16.333,387,11.727,1121,34,1137,34.5,-0.5,0,257,7.8,671,20.3
USC Upstate,315,29,1741,60,1966,67.8,-7.8,20.7,351,539,18.6,65.1,1519,52.4,40.6,472,16.3,33.5,36.1,365,12.586,481,16.586,1011,34.9,1089,37.6,-2.7,0,202,7,528,18.2
UT Arlington,316,30,2216,73.9,2205,73.5,0.4,53.3,530,770,25.7,68.8,1739,58.0,42.8,591,19.7,33.2,30.3,364,12.133,452,15.067,1082,36.1,1196,39.9,-3.8,0,208,6.9,705,23.5
UT Martin,317,29,1860,64.1,2215,76.4,-12.2,13.8,431,642,22.1,67.1,1677,57.8,38.1,485,16.7,31.1,37.5,313,10.793,454,15.655,1041,35.9,1086,37.4,-1.6,0,205,7.1,558,19.2
Utah,318,31,2059,66.4,2058,66.4,0,45.2,490,655,21.1,74.8,1618,52.2,42.8,580,18.7,31.9,30.2,361,11.645,423,13.645,1052,33.9,1084,35,-1,0,172,5.5,639,20.6
Utah St.,319,34,2506,73.7,2028,59.6,14.1,79.4,435,570,16.8,76.3,1866,54.9,49.1,565,16.6,41.9,31.8,576,16.941,349,10.265,1207,35.5,991,29.1,6.4,0,158,4.6,544,16
Utah Valley,320,30,1906,63.5,1954,65.1,-1.6,40,428,572,19.1,74.8,1575,52.5,41.3,502,16.7,35.5,34.8,362,12.067,403,13.433,994,33.1,1001,33.4,-0.2,0,184,6.1,531,17.7
UTEP,321,32,2425,75.8,2054,64.2,11.6,81.3,494,735,23.0,67.2,1822,56.9,47.6,568,17.8,34.7,30.7,473,14.781,421,13.156,1163,36.3,1138,35.6,0.8,0,280,8.8,619,19.3
UTRGV,322,33,2019,61.2,2382,72.2,-11,18.2,422,655,19.8,64.4,1781,54.0,38.9,669,20.3,31.5,35.9,379,11.485,473,14.333,1005,30.5,1277,38.7,-8.2,0,218,6.6,668,20.2
UTSA,323,30,2121,70.7,1983,66.1,4.6,63.3,451,593,19.8,76.1,1683,56.1,44,523,17.4,36.3,28.4,352,11.733,347,11.567,1029,34.3,968,32.3,2,0,199,6.6,499,16.6
Valparaiso,324,32,2344,73.3,2376,74.3,-1,46.9,453,636,19.9,71.2,1764,55.1,46.7,665,20.8,36.8,37.8,479,14.969,439,13.719,1037,32.4,1077,33.7,-1.3,0,227,7.1,644,20.1
Vanderbilt,325,32,2472,77.3,2208,69,8.3,75,599,825,25.8,72.6,1779,55.6,47,540,16.9,36.9,33.3,421,13.156,438,13.688,1164,36.4,1143,35.7,0.7,0,184,5.8,615,19.2
VCU,326,31,2338,75.4,2037,65.7,9.7,71,465,652,21.0,71.3,1815,58.5,45.7,588,19.0,36.2,30.2,459,14.806,381,12.29,1152,37.2,1068,34.5,2.7,0,268,8.6,557,18
Vermont,327,34,2401,70.6,2188,64.4,6.3,73.5,634,920,27.1,68.9,1818,53.5,44.2,0,0.0,0,31.5,410,12.059,478,14.059,1262,37.1,1156,34,3.1,0,231,6.8,624,18.4
Villanova,328,31,2559,82.5,2259,72.9,9.7,77.4,608,810,26.1,75.1,1842,59.4,46.5,635,20.5,37.6,33.8,430,13.871,429,13.839,1211,39.1,1050,33.9,5.2,0,241,7.8,694,22.4
Virginia,329,31,2029,65.5,1971,63.6,1.9,48.4,386,516,16.6,74.8,1720,55.5,42.6,507,16.4,34.9,35.2,403,13,333,10.742,1053,34,1038,33.5,0.5,0,190,6.1,510,16.5
Virginia Tech,330,31,2255,72.7,2012,64.9,7.8,74.2,567,785,25.3,72.2,1819,58.7,42.4,0,0.0,0,30.2,367,11.839,386,12.452,1166,37.6,1136,36.6,1,0,223,7.2,593,19.1
VMI,331,29,2569,88.6,2799,96.5,-7.9,34.5,468,687,23.7,68.1,2120,73.1,41.7,1026,35.4,32.7,38.9,422,14.552,426,14.69,1075,37.1,1429,49.3,-12.2,0,301,10.4,594,20.5
Wagner,332,31,1833,59.1,2111,68.1,-9,16.1,287,463,14.9,62,1635,52.7,40.3,663,21.4,34.4,32.5,369,11.903,505,16.29,1002,32.3,1150,37.1,-4.8,0,194,6.3,571,18.4
Wake Forest,333,29,2116,73,1985,68.4,4.5,65.5,470,712,24.6,66,1735,59.8,43.8,0,0.0,0,28.9,342,11.793,440,15.172,1213,41.8,1082,37.3,4.5,0,213,7.3,583,20.1
Washington,334,33,2633,79.8,2308,69.9,9.8,72.7,622,855,25.9,72.7,2035,61.7,45.2,526,15.9,32.5,31.2,462,14,422,12.788,1267,38.4,1126,34.1,4.3,0,240,7.3,713,21.6
Washington St.,335,31,2229,71.9,2190,70.6,1.3,51.6,548,777,25.1,70.5,1677,54.1,44.9,502,16.2,34.9,35.5,397,12.806,431,13.903,1073,34.6,1012,32.6,2,0,190,6.1,540,17.4
Weber St.,336,30,2299,76.6,2126,70.9,5.8,66.7,524,720,24.0,72.8,1721,57.4,44.5,685,22.8,35.5,36.3,390,13,364,12.133,1084,36.1,996,33.2,2.9,0,195,6.5,589,19.6
West Virginia,337,33,2408,73,2105,63.8,9.2,81.8,511,734,22.2,69.6,1922,58.2,43.4,682,20.7,33.6,33.3,518,15.697,387,11.727,1265,38.3,1039,31.5,6.8,0,185,5.6,605,18.3
Western Caro.,338,33,2437,73.8,2262,68.5,5.3,66.7,428,670,20.3,63.9,1945,58.9,44.9,725,22.0,36.3,32.1,444,13.455,463,14.03,1163,35.2,1143,34.6,0.6,0,310,9.4,728,22.1
Western Ill.,339,30,1771,59,1804,60.1,-1.1,43.3,400,588,19.6,68,1489,49.6,40.9,437,14.6,35,31.6,317,10.567,383,12.767,968,32.3,1033,34.4,-2.2,0,198,6.6,555,18.5
Western Ky.,340,34,2422,71.2,2269,66.7,4.5,61.8,473,672,19.8,70.4,1900,55.9,45.4,663,19.5,33.9,33.1,432,12.706,441,12.971,1192,35.1,1110,32.6,2.4,0,218,6.4,580,17.1
Western Mich.,341,33,2287,69.3,2195,66.5,2.8,54.5,541,739,22.4,73.2,1813,54.9,42.9,590,17.9,32.2,34.6,413,12.515,449,13.606,1214,36.8,1100,33.3,3.5,0,231,7,623,18.9
Wichita St.,342,34,2357,69.3,2088,61.4,7.9,73.5,517,691,20.3,74.8,1807,53.1,44.8,616,18.1,36,34.1,482,14.176,445,13.088,1172,34.5,1007,29.6,4.9,0,233,6.9,673,19.8
William & Mary,343,32,2141,66.9,2049,64,2.9,68.8,444,636,19.9,69.8,1670,52.2,42.5,798,24.9,35,32.5,441,13.781,340,10.625,1101,34.4,1116,34.9,-0.5,0,171,5.3,518,16.2
Winston-Salem,353,29,1806,62.3,2005,69.1,-6.9,41.4,361,615,21.2,58.7,1624,56.0,39.9,503,17.3,29.6,29.6,330,11.379,503,17.345,1066,36.8,1092,37.7,-0.9,0,195,6.7,546,18.8
Winthrop,344,32,1998,62.4,1964,61.4,1.1,59.4,438,678,21.2,64.6,1879,58.7,38.3,0,0.0,0,29.4,341,10.656,395,12.344,1242,38.8,1189,37.2,1.7,0,280,8.8,600,18.8
Wisconsin,345,31,2092,67.5,1742,56.2,11.3,74.2,391,532,17.2,73.5,1647,53.1,44.4,656,21.2,36.1,33.4,396,12.774,275,8.871,1005,32.4,936,30.2,2.2,0,174,5.6,507,16.4
Wofford,346,34,2359,69.4,2081,61.2,8.2,76.5,549,817,24.0,67.2,1825,53.7,44.1,573,16.9,34.9,30.9,462,13.588,405,11.912,1206,35.5,1110,32.6,2.8,0,241,7.1,606,17.8
Wright St.,347,32,2163,67.6,1950,60.9,6.7,62.5,423,577,18.0,73.3,1692,52.9,44.3,656,20.5,36.6,35.5,433,13.531,375,11.719,964,30.1,976,30.5,-0.4,0,190,5.9,605,18.9
Wyoming,348,31,2190,70.6,2309,74.5,-3.8,32.3,582,864,27.9,67.4,1674,54.0,43.8,0,0.0,0,34.3,346,11.161,479,15.452,1047,33.8,1129,36.4,-2.6,0,241,7.8,634,20.5
Xavier,349,32,2561,80,2210,69.1,11,75,572,802,25.1,71.3,1893,59.2,46.6,600,18.8,37.2,29.4,458,14.312,423,13.219,1283,40.1,1110,34.7,5.4,0,217,6.8,602,18.8
Yale,350,31,2067,66.7,2157,69.6,-2.9,38.7,507,700,22.6,72.4,1687,54.4,42.1,0,0.0,0,36.8,387,12.484,442,14.258,1086,35,1076,34.7,0.3,0,212,6.8,572,18.5
Youngstown St.,351,30,2002,66.7,2092,69.7,-3,26.7,455,665,22.2,68.4,1656,55.2,42.1,479,16.0,31.9,36.8,390,13,401,13.367,986,32.9,998,33.3,-0.4,0,181,6,611,20.4