,Team name,Team ID,Games,PTS,PPG,OPP PTS,OPP PPG,SCR MAR,Win %,FT,FTA,FT%,FGA,FG%,3FGA,3FG%,Opp 3FG%,AST,APG,TO,TOPG,REB,RPG,OPP REB,OPP RPG,REB MAR,DREB,ST,STPG,Fouls,PFPG
0,A&M-Corpus Christi,1,31,2335,75.3,2252,72.6,2.7,64.5,504,696,72.4,1768,47.1,502,33.3,34.1,409,13.2,422,13.6,1053,34,1099,35.5,-1.5,732,280,9,614,19.8
1,Abilene Christian,2,,,,,,,,,,,,,,,,,,,,,,,,,,,,,
2,Air Force,3,33,2411,73.1,2477,75.1,-2,36.4,513,715,71.7,1876,43.6,728,36.3,36.4,494,15,396,12,1150,34.8,1135,34.4,0.5,840,197,6,594,18
3,Akron,4,34,2625,77.2,2390,70.3,6.9,76.5,470,691,68,1918,47.1,928,37.4,36,499,14.7,396,11.6,1173,34.5,1115,32.8,1.7,837,185,5.4,617,18.1
4,Alabama,5,33,2266,68.7,2129,64.5,4.2,57.6,480,739,65,1850,42.4,686,31.8,33.2,377,11.4,458,13.9,1293,39.2,1110,33.6,5.5,887,198,6,651,19.7
5,Alabama A&M,6,29,1790,61.7,2255,77.8,-16,6.9,409,614,66.6,1563,40.2,457,27.4,36.3,330,11.4,384,13.2,933,32.2,1078,37.2,-5,634,103,3.6,526,18.1
6,Alabama St.,7,31,2042,65.9,2305,74.4,-8.5,25.8,404,634,63.7,1834,39.2,674,29.7,34.3,300,9.7,488,15.7,1192,38.5,1173,37.8,0.6,765,150,4.8,630,20.3
7,Albany (NY),8,34,2441,71.8,2242,65.9,5.9,61.8,486,641,75.8,1895,46.8,495,37,34,430,12.6,404,11.9,1227,36.1,979,28.8,7.3,851,178,5.2,602,17.7
8,Alcorn,9,32,2221,69.4,2175,68,1.4,56.3,399,612,65.2,1866,42.9,669,33.2,30.6,425,13.3,452,14.1,1243,38.8,1173,36.7,2.2,856,209,6.5,610,19.1
9,American,10,30,1845,61.5,2049,68.3,-6.8,26.7,293,474,61.8,1542,44.9,529,31.8,36.8,339,11.3,396,13.2,868,28.9,996,33.2,-4.3,664,209,7,549,18.3
10,Appalachian St.,11,30,2208,73.6,2279,76,-2.4,30,459,674,68.1,1783,42,744,33.7,37.7,414,13.8,414,13.8,1126,37.5,1097,36.6,1,787,167,5.6,643,21.4
11,Arizona,12,34,2593,76.3,2225,65.4,10.8,88.2,582,768,75.8,1873,47.6,576,39.8,30.6,469,13.8,389,11.4,1250,36.8,1018,29.9,6.8,900,187,5.5,577,17
12,Arizona St.,13,33,2593,78.6,2695,81.7,-3.1,45.5,489,653,74.9,2047,43.4,896,36.6,36.4,430,13,344,10.4,1077,32.6,1311,39.7,-7.1,773,194,5.9,558,16.9
13,Ark.-Pine Bluff,14,32,1977,61.8,2320,72.5,-10.7,21.9,379,581,65.2,1725,40.3,621,33.5,31.8,334,10.4,578,18.1,1013,31.7,1153,36,-4.4,678,279,8.7,718,22.4
14,Arkansas,15,34,2713,79.8,2516,74,5.8,73.5,605,794,76.2,2046,46.1,610,36.4,33.2,479,14.1,399,11.7,1233,36.3,1229,36.1,0.1,848,256,7.5,700,20.6
15,Arkansas St.,16,32,2346,73.3,2211,69.1,4.2,62.5,474,743,63.8,1792,46.1,579,38,31.6,397,12.4,414,12.9,1166,36.4,1073,33.5,2.9,814,172,5.4,653,20.4
16,Army West Point,17,32,2324,72.6,2340,73.1,-0.5,40.6,349,533,65.5,1908,44.1,825,35.3,33,519,16.2,483,15.1,1213,37.9,1126,35.2,2.7,896,178,5.6,621,19.4
17,Auburn,18,32,2573,80.4,2546,79.6,0.8,56.3,562,836,67.2,1969,43.7,789,36.6,35.7,421,13.2,434,13.6,1171,36.6,1248,39,-2.4,802,236,7.4,672,21
18,Austin Peay,19,30,2331,77.7,2515,83.8,-6.1,36.7,492,695,70.8,1718,46.9,640,35.5,37,324,10.8,373,12.4,913,30.4,1122,37.4,-7,668,171,5.7,547,18.2
19,Ball St.,20,33,2597,78.7,2479,75.1,3.6,63.6,494,687,71.9,1945,46.2,805,37.9,35.7,515,15.6,486,14.7,1245,37.7,1181,35.8,1.9,916,198,6,644,19.5
20,Baylor,21,32,2327,72.7,2007,62.7,10,78.1,435,607,71.7,1778,47.1,601,35.9,31.6,502,15.7,429,13.4,1217,38,931,29.1,8.9,805,162,5.1,566,17.7
21,Belmont,22,28,2167,77.4,1938,69.2,8.2,78.6,386,502,76.9,1584,47.3,831,33.8,31.9,450,16.1,353,12.6,983,35.1,904,32.3,2.8,749,125,4.5,498,17.8
22,Bethune-Cookman,23,32,2275,71.1,2490,77.8,-6.7,31.3,367,554,66.2,2021,41.6,712,32,33.5,448,14,413,12.9,1134,35.4,1280,40,-4.6,737,245,7.7,645,20.2
23,Binghamton,24,32,2175,68,2270,70.9,-3,37.5,391,555,70.5,1757,43.7,685,36.2,36.1,410,12.8,397,12.4,1055,33,1117,34.9,-1.9,804,167,5.2,545,17
24,Boise St.,25,30,2275,75.8,2139,71.3,4.5,63.3,507,710,71.4,1685,45.2,685,35.6,33.6,374,12.5,384,12.8,1072,35.7,1006,33.5,2.2,782,148,4.9,628,20.9
25,Boston College,26,32,2320,72.5,2508,78.4,-5.9,28.1,378,556,68,1880,44.8,684,37.4,35.4,473,14.8,467,14.6,1117,34.9,1109,34.7,0.3,825,179,5.6,597,18.7
26,Boston U.,27,32,2339,73.1,2264,70.8,2.3,56.3,431,619,69.6,1844,44.3,773,35.4,36.3,449,14,459,14.3,1141,35.7,1138,35.6,0.1,820,265,8.3,610,19.1
27,Bowling Green,28,32,2355,73.6,2453,76.7,-3.1,40.6,471,706,66.7,1957,42.5,644,34.2,34.2,390,12.2,408,12.8,1153,36,1210,37.8,-1.8,800,220,6.9,623,19.5
28,Bradley,29,33,2163,65.5,2333,70.7,-5.2,39.4,484,720,67.2,1727,42.3,609,35.6,34.2,373,11.3,499,15.1,1162,35.2,1197,36.3,-1.1,865,203,6.2,672,20.4
29,Brown,30,30,2275,75.8,2338,77.9,-2.1,43.3,561,739,75.9,1661,44.3,665,36.7,37.2,400,13.3,431,14.4,933,31.1,1018,33.9,-2.8,658,228,7.6,597,19.9
30,Bryant,31,32,2373,74.2,2478,77.4,-3.3,37.5,458,636,72,1918,43.7,702,33.8,33.2,460,14.4,428,13.4,1148,35.9,1176,36.8,-0.9,803,218,6.8,680,21.3
31,Bucknell,32,34,2587,76.1,2290,67.4,8.7,76.5,480,707,67.9,1902,48.1,734,37.7,34,497,14.6,451,13.3,1171,34.4,1133,33.3,1.1,878,244,7.2,630,18.5
32,Buffalo,33,32,2486,77.7,2375,74.2,3.5,53.1,492,711,69.2,1945,45.1,727,33,34.7,459,14.3,466,14.6,1295,40.5,1145,35.8,4.7,898,181,5.7,735,23
33,Butler,34,31,2365,76.3,2120,68.4,7.9,74.2,466,630,74,1740,47.8,652,36.3,33.4,409,13.2,315,10.2,993,32,974,31.4,0.6,721,193,6.2,587,18.9
34,BYU,35,33,2652,80.4,2418,73.3,7.1,66.7,615,840,73.2,1991,45.7,636,34.4,32.3,516,15.6,449,13.6,1374,41.6,1196,36.2,5.4,1027,221,6.7,641,19.4
35,Cal Poly,36,31,2082,67.2,2242,72.3,-5.2,35.5,372,534,69.7,1801,40.3,759,34,39.1,322,10.4,333,10.7,1002,32.3,1156,37.3,-5,702,162,5.2,574,18.5
36,Cal St. Fullerton,37,31,2275,73.4,2200,71,2.4,54.8,501,732,68.4,1779,44.5,605,31.4,33.4,374,12.1,471,15.2,1155,37.3,1058,34.1,3.1,821,218,7,645,20.8
37,California,38,33,2250,68.2,2081,63.1,5.1,63.6,453,683,66.3,1857,42.5,645,34,32.4,401,12.2,415,12.6,1290,39.1,1057,32,7.1,909,161,4.9,628,19
38,Campbell,39,34,2418,71.1,2391,70.3,0.8,50,508,677,75,1817,45.3,717,36.5,34.1,387,11.4,445,13.1,1115,32.8,1145,33.7,-0.9,849,227,6.7,615,18.1
39,Canisius,40,33,2591,78.5,2564,77.7,0.8,54.5,467,636,73.4,2003,45.4,812,37.4,34.6,579,17.5,436,13.2,1094,33.2,1170,35.5,-2.3,736,223,6.8,644,19.5
40,Central Ark.,41,32,2395,74.8,2692,84.1,-9.3,25,493,687,71.8,1912,43.7,614,37.5,39.2,465,14.5,446,13.9,1150,35.9,1211,37.8,-1.9,813,178,5.6,606,18.9
41,Central Conn. St.,42,29,1827,63,2112,72.8,-9.8,20.7,331,534,62,1602,42.1,416,35.1,38,340,11.7,413,14.2,964,33.2,1027,35.4,-2.2,632,166,5.7,540,18.6
42,Central Mich.,43,32,2826,88.3,2807,87.7,0.6,50,603,762,79.1,2153,42.4,1115,35.8,34.6,362,11.3,362,11.3,1245,38.9,1367,42.7,-3.8,881,180,5.6,612,19.1
43,Charleston So.,44,31,2304,74.3,2343,75.6,-1.3,38.7,428,643,66.6,1868,44.1,669,34.1,35.9,341,11,358,11.5,1092,35.2,1088,35.1,0.1,756,176,5.7,621,20
44,Charlotte,45,30,2295,76.5,2407,80.2,-3.7,43.3,458,614,74.6,1803,44.4,630,37.6,36.6,361,12,366,12.2,979,32.6,1204,40.1,-7.5,755,190,6.3,580,19.3
45,Chattanooga,46,31,2314,74.6,2132,68.8,5.9,61.3,481,677,71,1718,46.6,667,34.6,34.2,377,12.2,413,13.3,1005,32.4,1038,33.5,-1.1,683,241,7.8,570,18.4
46,Chicago St.,47,32,2089,65.3,2511,78.5,-13.2,18.8,399,569,70.1,1923,38.4,681,31.1,36.1,360,11.3,440,13.8,1123,35.1,1278,39.9,-4.8,779,215,6.7,617,19.3
47,Cincinnati,48,34,2532,74.5,2068,60.8,13.6,85.3,448,656,68.3,2016,45.4,734,34.3,34.1,538,15.8,340,10,1264,37.2,1111,32.7,4.5,843,254,7.5,543,16
48,Clemson,49,32,2399,75,2287,71.5,3.5,53.1,477,655,72.8,1872,45.1,649,35.7,35.7,398,12.4,344,10.8,1091,34.1,1113,34.8,-0.7,737,227,7.1,489,15.3
49,Cleveland St.,50,31,2083,67.2,2222,71.7,-4.5,29,374,541,69.1,1838,40.5,709,30.9,35,327,10.5,405,13.1,1024,33,1153,37.2,-4.2,685,221,7.1,636,20.5
50,Coastal Caro.,51,33,2382,72.2,2405,72.9,-0.7,48.5,390,595,65.5,2024,42.2,842,33.7,33.1,404,12.2,430,13,1322,40.1,1234,37.4,2.7,920,184,5.6,599,18.2
51,Col. of Charleston,52,34,2342,68.9,2179,64.1,4.8,73.5,581,788,73.7,1796,43.2,633,33,30.7,349,10.3,353,10.4,1158,34.1,1198,35.2,-1.2,868,191,5.6,582,17.1
52,Colgate,53,32,2145,67,2273,71,-4,31.3,384,567,67.7,1693,44,732,37,37.5,414,12.9,470,14.7,1037,32.4,1050,32.8,-0.4,774,164,5.1,603,18.8
53,Colorado,54,33,2494,75.6,2376,72,3.6,57.6,537,764,70.3,1922,44.6,685,35.2,36.2,459,13.9,403,12.2,1241,37.6,1138,34.5,3.1,853,169,5.1,608,18.4
54,Colorado St.,55,34,2467,72.6,2292,67.4,5.1,67.6,564,768,73.4,1949,42.6,702,34.3,31.2,374,11,369,10.9,1296,38.1,1208,35.5,2.6,913,205,6,590,17.4
55,Columbia,56,27,1940,71.9,1964,72.7,-0.9,40.7,329,465,70.8,1604,43.6,587,35.9,36.1,422,15.6,347,12.9,946,35,1000,37,-2,673,192,7.1,506,18.7
56,Coppin St.,57,33,2192,66.4,2600,78.8,-12.4,24.2,512,793,64.6,1899,38.1,733,31.7,34.8,342,10.4,451,13.7,1147,34.8,1333,40.4,-5.6,771,187,5.7,700,21.2
57,Cornell,58,29,2074,71.5,2238,77.2,-5.7,27.6,338,484,69.8,1648,45.3,720,33.9,35.4,420,14.5,419,14.4,975,33.6,1031,35.6,-1.9,756,150,5.2,529,18.2
58,Creighton,59,34,2792,82.1,2465,72.5,9.6,73.5,391,573,68.2,2071,50.8,744,39.9,33.3,587,17.3,424,12.5,1186,34.9,1219,35.9,-1,908,210,6.2,563,16.6
59,CSU Bakersfield,60,31,2207,71.2,1954,63,8.2,71,416,656,63.4,1816,44.1,571,33.5,32.3,448,14.5,464,15,1204,38.8,1086,35,3.8,814,266,8.6,694,22.4
60,CSUN,61,30,2341,78,2440,81.3,-3.3,36.7,584,801,72.9,1747,46.1,415,34.9,38.6,411,13.7,399,13.3,1051,35,1098,36.6,-1.6,756,207,6.9,638,21.3
61,Dartmouth,62,27,1812,67.1,2020,74.8,-7.7,25.9,351,495,70.9,1461,43.2,563,35.3,35,309,11.4,401,14.9,916,33.9,901,33.4,0.6,667,126,4.7,494,18.3
62,Davidson,63,32,2362,73.8,2292,71.6,2.2,53.1,442,587,75.3,1861,43.7,856,34.1,38.1,500,15.6,390,12.2,1149,35.9,1167,36.5,-0.6,864,163,5.1,583,18.2
63,Dayton,64,31,2370,76.5,2062,66.5,9.9,77.4,515,748,68.9,1705,47,649,38.7,32.5,489,15.8,370,11.9,1068,34.5,1062,34.3,0.2,801,243,7.8,578,18.6
64,Delaware,65,33,2157,65.4,2381,72.2,-6.8,39.4,411,599,68.6,1841,42.1,644,30.4,36.3,385,11.7,396,12,1160,35.2,1155,35,0.2,838,176,5.3,626,19
65,Delaware St.,66,32,2186,68.3,2399,75,-6.7,31.3,359,545,65.9,1865,41.9,727,36.2,35,429,13.4,436,13.6,1057,33,1232,38.5,-5.5,709,177,5.5,608,19
66,Denver,67,30,2273,75.8,2239,74.6,1.1,53.3,428,583,73.4,1684,48.2,555,40.2,35.8,452,15.1,404,13.5,1058,35.3,933,31.1,4.2,785,150,5,603,20.1
67,DePaul,68,32,2206,68.9,2388,74.6,-5.7,28.1,472,642,73.5,1804,43,564,32.6,36.1,365,11.4,451,14.1,1056,33,1101,34.4,-1.4,717,213,6.7,634,19.8
68,Detroit Mercy,69,31,2387,77,2630,84.8,-7.8,25.8,476,717,66.4,1867,44.5,675,37.2,38,398,12.8,451,14.5,1036,33.4,1164,37.5,-4.1,716,203,6.5,741,23.9
69,Drake,70,31,2208,71.2,2390,77.1,-5.9,22.6,418,553,75.6,1860,40.9,784,34.4,36.9,403,13,389,12.5,1071,34.5,1189,38.4,-3.8,760,188,6.1,565,18.2
70,Drexel,71,32,2397,74.9,2508,78.4,-3.5,28.1,411,616,66.7,1987,43.5,741,34.5,35.7,470,14.7,425,13.3,1177,36.8,1186,37.1,-0.3,797,187,5.8,645,20.2
71,Duke,72,35,2823,80.7,2444,69.8,10.8,77.1,599,790,75.8,2030,47.7,766,37.6,29.5,458,13.1,395,11.3,1271,36.3,1171,33.5,2.9,905,207,5.9,632,18.1
72,Duquesne,73,32,2256,70.5,2376,74.3,-3.8,31.3,460,680,67.6,1835,42.8,677,33.4,35.9,401,12.5,454,14.2,1167,36.5,1195,37.3,-0.9,824,157,4.9,597,18.7
73,East Carolina,74,33,2088,63.3,2148,65.1,-1.8,45.5,442,673,65.7,1797,39.8,668,32,32.5,394,11.9,459,13.9,1250,37.9,1231,37.3,0.6,880,168,5.1,551,16.7
74,Eastern Ill.,75,29,2169,74.8,2083,71.8,3,48.3,366,500,73.2,1852,41.7,696,37.2,35.4,443,15.3,370,12.8,1081,37.3,1126,38.8,-1.6,734,198,6.8,561,19.3
75,Eastern Ky.,76,31,2197,70.9,2330,75.2,-4.3,38.7,462,655,70.5,1752,42.8,733,32.1,35,427,13.8,432,13.9,1019,32.9,1155,37.3,-4.4,733,185,6,620,20
76,Eastern Mich.,77,33,2566,77.8,2409,73,4.8,48.5,519,716,72.5,2046,44.9,616,34.3,33.2,443,13.4,399,12.1,1200,36.4,1208,36.6,-0.2,780,317,9.6,705,21.4
77,Eastern Wash.,78,33,2614,79.2,2501,75.8,3.4,66.7,508,662,76.7,1916,47.9,715,37.8,36.5,409,12.4,408,12.4,1172,35.5,1121,34,1.5,868,153,4.6,662,20.1
78,Elon,79,32,2403,75.1,2292,71.6,3.5,56.3,395,577,68.5,1911,44.5,868,35.5,31.9,466,14.6,374,11.7,1209,37.8,1202,37.6,0.2,918,165,5.2,532,16.6
79,ETSU,80,34,2717,79.9,2358,69.4,10.6,79.4,591,840,70.4,1904,49.1,669,38.3,35.6,504,14.8,502,14.8,1237,36.4,1086,31.9,4.4,893,284,8.4,679,20
80,Evansville,81,33,2288,69.3,2261,68.5,0.8,48.5,561,787,71.3,1762,45.4,347,36.6,33.9,442,13.4,389,11.8,1136,34.4,1111,33.7,0.8,838,172,5.2,660,20
81,Fairfield,82,30,2168,72.3,2191,73,-0.8,53.3,341,500,68.2,1788,44.1,743,33.5,32.7,444,14.8,403,13.4,1081,36,1145,38.2,-2.1,817,161,5.4,550,18.3
82,Fairleigh Dickinson,83,30,2183,72.8,2250,75,-2.2,36.7,474,620,76.5,1713,44,606,33.2,34.2,366,12.2,399,13.3,989,33,1105,36.8,-3.9,698,189,6.3,637,21.2
83,FGCU,84,33,2621,79.4,2270,68.8,10.6,78.8,452,644,70.2,1949,50.2,608,35,30.9,509,15.4,410,12.4,1243,37.7,1039,31.5,6.2,871,202,6.1,613,18.6
84,FIU,85,31,2178,70.3,2282,73.6,-3.4,22.6,387,516,75,1773,45.4,545,33.2,35.4,346,11.2,412,13.3,1051,33.9,1000,32.3,1.6,736,185,6,572,18.5
85,Fla. Atlantic,86,30,2108,70.3,2221,74,-3.8,33.3,392,558,70.3,1839,41.1,640,31.9,36.6,369,12.3,348,11.6,1064,35.5,1182,39.4,-3.9,748,171,5.7,570,19
86,Florida,87,32,2505,78.3,2130,66.6,11.7,75,555,764,72.6,1893,45,685,36.2,30.7,404,12.6,378,11.8,1195,37.3,1132,35.4,2,825,242,7.6,595,18.6
87,Florida A&M,88,30,2153,71.8,2365,78.8,-7.1,23.3,442,671,65.9,1801,42.3,538,34.8,36.2,379,12.6,407,13.6,1047,34.9,1246,41.5,-6.6,742,197,6.6,569,19
88,Florida St.,89,33,2721,82.5,2352,71.3,11.2,75.8,530,766,69.2,2032,48.3,637,35.6,34.4,485,14.7,390,11.8,1245,37.7,1128,34.2,3.5,856,243,7.4,641,19.4
89,Fordham,90,32,2090,65.3,2167,67.7,-2.4,40.6,344,474,72.6,1783,41.6,791,33.4,35.9,429,13.4,418,13.1,913,28.5,1147,35.8,-7.3,652,315,9.8,613,19.2
90,Fort Wayne,91,31,2719,87.7,2444,78.8,8.9,61.3,390,531,73.4,2008,49.7,819,40.7,38.6,543,17.5,422,13.6,1170,37.7,1010,32.6,5.2,848,246,7.9,559,18
91,Fresno St.,92,32,2367,74,2249,70.3,3.7,62.5,503,744,67.6,1823,45.6,578,34.9,32.9,401,12.5,427,13.3,1144,35.8,1109,34.7,1.1,836,268,8.4,694,21.7
92,Furman,93,32,2381,74.4,2121,66.3,8.1,65.6,404,586,68.9,1771,47.5,755,38.8,31.2,482,15.1,413,12.9,1114,34.8,1035,32.3,2.5,820,222,6.9,572,17.9
93,Ga. Southern,94,32,2443,76.3,2346,73.3,3,56.3,495,747,66.3,1852,44.5,811,37,34,339,10.6,379,11.8,1115,34.8,1256,39.3,-4.4,800,218,6.8,631,19.7
94,Gardner-Webb,95,33,2546,77.2,2319,70.3,6.9,57.6,511,819,62.4,1905,47.9,552,37.9,34.3,486,14.7,474,14.4,1259,38.2,1127,34.2,4,887,291,8.8,670,20.3
95,George Mason,96,33,2461,74.6,2364,71.6,2.9,60.6,566,760,74.5,1902,45.2,525,33.7,33,387,11.7,428,13,1337,40.5,1080,32.7,7.8,963,164,5,555,16.8
96,George Washington,97,33,2303,69.8,2289,69.4,0.4,57.6,511,681,75,1818,42.1,700,37.1,35.6,438,13.3,433,13.1,1218,36.9,1056,32,4.9,840,178,5.4,512,15.5
97,Georgetown,98,32,2369,74,2309,72.2,1.9,43.8,547,747,73.2,1753,46.1,590,34.9,32.4,480,15,454,14.2,1141,35.7,1112,34.8,0.9,836,175,5.5,672,21
98,Georgia,99,33,2366,71.7,2315,70.2,1.5,57.6,577,765,75.4,1839,44,521,32.8,33,424,12.8,439,13.3,1226,37.2,1150,34.8,2.3,905,177,5.4,624,18.9
99,Georgia St.,100,32,2378,74.3,2232,69.8,4.6,62.5,416,636,65.4,1830,47,667,36,32.3,389,12.2,447,14,1143,35.7,1060,33.1,2.6,817,229,7.2,651,20.3
100,Georgia Tech,101,32,2144,67,2137,66.8,0.2,53.1,432,635,68,1799,43.6,438,32.9,33.6,481,15,438,13.7,1161,36.3,1149,35.9,0.4,846,207,6.5,525,16.4
101,Gonzaga,102,33,2791,84.6,2018,61.2,23.4,97,546,740,73.8,1935,51.8,631,38.2,30,529,16,373,11.3,1330,40.3,1073,32.5,7.8,1021,236,7.2,543,16.5
102,Grambling,103,33,2361,71.5,2412,73.1,-1.5,48.5,495,747,66.3,1943,43.3,581,31.7,37.1,368,11.2,450,13.6,1108,33.6,1222,37,-3.5,710,292,8.8,658,19.9
103,Grand Canyon,104,,,,,,,,,,,,,,,,,,,,,,,,,,,,,
104,Green Bay,105,31,2483,80.1,2387,77,3.1,58.1,524,761,68.9,1997,44.2,591,32.7,35.4,428,13.8,433,14,1278,41.2,1218,39.3,1.9,901,239,7.7,609,19.6
105,Hampton,106,30,2082,69.4,2136,71.2,-1.8,46.7,444,625,71,1774,40.8,596,31.9,36,356,11.9,424,14.1,1115,37.2,1066,35.5,1.6,750,142,4.7,619,20.6
106,Hartford,107,32,2136,66.8,2465,77,-10.3,28.1,413,591,69.9,1814,40.2,777,33.8,38.9,367,11.5,462,14.4,1046,32.7,1279,40,-7.3,754,228,7.1,604,18.9
107,Harvard,108,28,2012,71.9,1842,65.8,6.1,64.3,385,518,74.3,1564,44.7,645,35.5,31.3,403,14.4,370,13.2,1005,35.9,960,34.3,1.6,721,176,6.3,531,19
108,Hawaii,109,30,2042,68.1,2048,68.3,-0.2,46.7,432,604,71.5,1650,42.3,658,32.5,33.9,418,13.9,414,13.8,966,32.2,1000,33.3,-1.1,679,150,5,570,19
109,High Point,110,31,2133,68.8,2136,68.9,-0.1,48.4,473,636,74.4,1692,43.3,520,37.7,36.3,390,12.6,407,13.1,1088,35.1,1037,33.5,1.6,781,184,5.9,540,17.4
110,Hofstra,111,32,2473,77.3,2454,76.7,0.6,46.9,490,716,68.4,1908,44.3,792,36.7,36.6,419,13.1,341,10.7,1160,36.3,1149,35.9,0.3,789,142,4.4,545,17
111,Holy Cross,112,32,1932,60.4,1988,62.1,-1.8,46.9,370,534,69.3,1551,42.7,685,34.5,34.3,431,13.5,351,11,811,25.3,1084,33.9,-8.5,622,302,9.4,516,16.1
112,Houston,113,31,2283,73.6,1999,64.5,9.2,67.7,376,527,71.3,1843,44.7,666,39.2,32.7,392,12.6,305,9.8,1101,35.5,1083,34.9,0.6,747,166,5.4,582,18.8
113,Houston Baptist,114,30,2362,78.7,2300,76.7,2.1,56.7,487,696,70,1851,45.5,550,34.4,35.1,440,14.7,402,13.4,1159,38.6,979,32.6,6,754,188,6.3,578,19.3
114,Howard,115,35,2244,64.1,2508,71.7,-7.5,31.4,585,889,65.8,1901,39,610,29,35.2,317,9.1,516,14.7,1299,37.1,1321,37.7,-0.6,869,181,5.2,666,19
115,Idaho,116,31,2284,73.7,2232,72,1.7,58.1,517,717,72.1,1762,43.4,651,36.7,35.5,395,12.7,397,12.8,1148,37,1033,33.3,3.7,809,150,4.8,666,21.5
116,Idaho St.,117,31,2164,69.8,2486,80.2,-10.4,16.1,443,648,68.4,1708,43.4,660,35.9,39.6,316,10.2,419,13.5,921,29.7,1154,37.2,-7.5,688,224,7.2,578,18.6
117,Ill.-Chicago,118,33,2520,76.4,2525,76.5,-0.2,45.5,558,785,71.1,1942,44.2,670,36.4,36.5,465,14.1,531,16.1,1309,39.7,1196,36.2,3.4,922,175,5.3,624,18.9
118,Illinois,119,32,2297,71.8,2236,69.9,1.9,56.3,407,593,68.6,1838,44.9,650,36.9,34.1,425,13.3,397,12.4,1114,34.8,1059,33.1,1.7,801,170,5.3,581,18.2
119,Illinois St.,120,33,2271,68.8,2012,61,7.8,81.8,378,572,66.1,1851,43.8,747,36.3,32,447,13.5,412,12.5,1221,37,1131,34.3,2.7,874,237,7.2,585,17.7
120,Incarnate Word,121,,,,,,,,,,,,,,,,,,,,,,,,,,,,,
121,Indiana,122,33,2648,80.2,2416,73.2,7,54.5,484,665,72.8,1946,48.2,757,38.3,33.6,471,14.3,501,15.2,1291,39.1,1046,31.7,7.4,889,205,6.2,664,20.1
122,Indiana St.,123,31,2170,70,2255,72.7,-2.7,35.5,392,576,68.1,1832,41.6,725,35,37.3,417,13.5,396,12.8,1110,35.8,1268,40.9,-5.1,847,204,6.6,660,21.3
123,Iona,124,34,2736,80.5,2596,76.4,4.1,64.7,502,652,77,2091,45.5,836,39.7,36,531,15.6,411,12.1,1223,36,1300,38.2,-2.3,898,235,6.9,652,19.2
124,Iowa,125,32,2559,80,2485,77.7,2.3,56.3,495,707,70,1997,44.8,738,37.1,35.5,555,17.3,439,13.7,1229,38.4,1240,38.8,-0.3,845,241,7.5,571,17.8
125,Iowa St.,126,33,2669,80.9,2376,72,8.9,69.7,398,572,69.6,2072,46.9,818,40.2,34.8,522,15.8,335,10.2,1153,34.9,1272,38.5,-3.6,845,261,7.9,527,16
126,IUPUI,127,32,2500,78.1,2517,78.7,-0.5,43.8,446,653,68.3,1957,45.1,743,38.8,36.1,455,14.2,401,12.5,1104,34.5,1129,35.3,-0.8,756,217,6.8,655,20.5
127,Jackson St.,128,32,2067,64.6,2142,66.9,-2.3,43.8,417,619,67.4,1860,38.5,730,29.9,33.3,350,10.9,390,12.2,1166,36.4,1095,34.2,2.2,741,197,6.2,648,20.3
128,Jacksonville,129,32,2481,77.5,2399,75,2.6,53.1,462,632,73.1,1819,46.7,784,40.7,37.2,430,13.4,413,12.9,1044,32.6,1068,33.4,-0.8,751,259,8.1,605,18.9
129,Jacksonville St.,130,34,2371,69.7,2300,67.6,2.1,58.8,455,639,71.2,1823,45.7,666,37.2,37.5,479,14.1,463,13.6,1221,35.9,1080,31.8,4.1,870,156,4.6,615,18.1
130,James Madison,131,33,2194,66.5,2299,69.7,-3.2,30.3,446,623,71.6,1733,44.4,629,33.1,34.6,385,11.7,467,14.2,1133,34.3,1025,31.1,3.3,823,194,5.9,668,20.2
131,Kansas,132,32,2647,82.7,2316,72.4,10.3,87.5,476,715,66.6,1943,48.7,689,40.5,35.7,521,16.3,419,13.1,1243,38.8,1114,34.8,4,858,222,6.9,580,18.1
132,Kansas St.,133,33,2367,71.7,2209,66.9,4.8,60.6,499,724,68.9,1782,45.8,649,36.1,38.3,494,15,431,13.1,1081,32.8,1118,33.9,-1.1,767,258,7.8,585,17.7
133,Kennesaw St.,134,32,2401,75,2456,76.8,-1.7,43.8,411,595,69.1,1932,46.2,495,41.6,37.3,507,15.8,431,13.5,1147,35.8,1100,34.4,1.5,789,163,5.1,613,19.2
134,Kent St.,135,35,2692,76.9,2531,72.3,4.6,62.9,534,743,71.9,2232,42.8,781,31.8,34.5,439,12.5,457,13.1,1416,40.5,1206,34.5,6,892,228,6.5,668,19.1
135,Kentucky,136,34,2922,85.9,2434,71.6,14.4,85.3,630,899,70.1,2152,47.7,679,35.3,30.7,528,15.5,409,12,1366,40.2,1181,34.7,5.4,938,206,6.1,656,19.3
136,La Salle,137,30,2266,75.5,2297,76.6,-1,50,489,638,76.6,1666,45.7,700,36.4,39.4,425,14.2,393,13.1,973,32.4,997,33.2,-0.8,724,191,6.4,560,18.7
137,La.-Monroe,138,33,2198,66.6,2299,69.7,-3.1,27.3,333,498,66.9,1916,42.5,713,33.2,35.6,443,13.4,433,13.1,1174,35.6,1156,35,0.5,825,154,4.7,576,17.5
138,Lafayette,139,30,1995,66.5,2282,76.1,-9.6,30,350,492,71.1,1655,43,661,33.4,37.9,378,12.6,436,14.5,956,31.9,1121,37.4,-5.5,751,148,4.9,515,17.2
139,Lamar University,140,33,2563,77.7,2364,71.6,6,57.6,528,788,67,1931,46,720,36,32.1,472,14.3,444,13.5,1166,35.3,1128,34.2,1.2,781,267,8.1,712,21.6
140,Lehigh,141,32,2432,76,2261,70.7,5.3,62.5,448,580,77.2,1788,47.9,689,39.2,34.7,467,14.6,450,14.1,1100,34.4,1027,32.1,2.3,868,215,6.7,539,16.8
141,Liberty,142,32,2124,66.4,2018,63.1,3.3,59.4,418,566,73.9,1636,43.3,812,35.7,33.2,411,12.8,336,10.5,921,28.8,1084,33.9,-5.1,758,209,6.5,612,19.1
142,Lipscomb,143,33,2804,85,2562,77.6,7.3,60.6,586,811,72.3,1978,47.5,928,36.6,34.8,599,18.2,500,15.2,1214,36.8,1171,35.5,1.3,874,218,6.6,702,21.3
143,Little Rock,144,32,2188,68.4,2185,68.3,0.1,46.9,431,582,74.1,1749,44.3,599,34.6,36,379,11.8,412,12.9,1058,33.1,1034,32.3,0.8,753,183,5.7,591,18.5
144,LIU Brooklyn,145,32,2278,71.2,2218,69.3,1.9,62.5,488,710,68.7,1846,43.5,534,34.5,35.1,350,10.9,460,14.4,1242,38.8,1058,33.1,5.8,819,186,5.8,641,20
145,Long Beach St.,146,34,2549,75,2666,78.4,-3.4,44.1,543,750,72.4,2035,44,616,35.1,37.8,447,13.1,488,14.4,1215,35.7,1235,36.3,-0.6,819,199,5.9,682,20.1
146,Longwood,147,30,2018,67.3,2408,80.3,-13,20,356,488,73,1660,44.5,568,32.7,39.6,325,10.8,456,15.2,920,30.7,1141,38,-7.4,702,175,5.8,540,18
147,Louisiana,148,33,2704,81.9,2518,76.3,5.6,63.6,583,839,69.5,2022,46.7,673,34.3,36,473,14.3,440,13.3,1253,38,1059,32.1,5.9,811,233,7.1,625,18.9
148,Louisiana Tech,149,33,2557,77.5,2203,66.8,10.7,69.7,478,674,70.9,1952,46.7,711,36.1,34.3,543,16.5,407,12.3,1246,37.8,1130,34.2,3.5,911,223,6.8,519,15.7
149,Louisville,150,32,2481,77.5,2107,65.8,11.7,75,467,682,68.5,1961,45.5,636,35.8,30.9,435,13.6,357,11.2,1270,39.7,1086,33.9,5.8,844,216,6.8,623,19.5
150,Loyola Chicago,151,32,2348,73.4,2137,66.8,6.6,56.3,385,543,70.9,1755,48.5,666,38.9,36.4,474,14.8,377,11.8,1002,31.3,1035,32.3,-1,784,218,6.8,545,17
151,Loyola Maryland,152,31,2039,65.8,2119,68.4,-2.6,48.4,471,684,68.9,1667,42.2,492,32.9,33.4,364,11.7,465,15,1032,33.3,982,31.7,1.6,670,224,7.2,598,19.3
152,Loyola Marymount,153,30,2113,70.4,2125,70.8,-0.4,50,338,546,61.9,1755,44.4,614,35.3,34.7,444,14.8,395,13.2,1021,34,1043,34.8,-0.7,689,228,7.6,610,20.3
153,LSU,154,31,2319,74.8,2572,83,-8.2,32.3,417,599,69.6,1893,45.1,584,33.6,38.3,397,12.8,451,14.5,1116,36,1141,36.8,-0.8,761,186,6,595,19.2
154,Maine,155,32,2069,64.7,2400,75,-10.3,21.9,365,558,65.4,1853,40.3,665,31.9,35.9,377,11.8,419,13.1,1123,35.1,1196,37.4,-2.3,798,165,5.2,562,17.6
155,Manhattan,156,32,2259,70.6,2485,77.7,-7.1,31.3,542,743,72.9,1814,41.6,637,32.8,39.2,350,10.9,530,16.6,1121,35,1127,35.2,-0.2,766,224,7,793,24.8
156,Marist,157,32,2223,69.5,2530,79.1,-9.6,25,480,662,72.5,1747,42.9,736,33.3,37.7,352,11,409,12.8,998,31.2,1228,38.4,-7.2,763,146,4.6,629,19.7
157,Marquette,158,31,2558,82.5,2325,75,7.5,61.3,445,571,77.9,1835,48.7,755,43,36.9,513,16.5,378,12.2,1031,33.3,1039,33.5,-0.3,757,228,7.4,601,19.4
158,Marshall,159,35,2997,85.6,2939,84,1.7,57.1,599,816,73.4,2237,45.6,962,37,34.4,576,16.5,433,12.4,1294,37,1477,42.2,-5.2,969,211,6,644,18.4
159,Maryland,160,32,2373,74.2,2170,67.8,6.3,75,498,713,69.8,1786,45.1,730,36.3,33.6,459,14.3,415,13,1148,35.9,1126,35.2,0.7,804,173,5.4,595,18.6
160,Massachusetts,161,33,2371,71.8,2372,71.9,0,45.5,443,671,66,1939,43.7,789,29.7,34.5,529,16,489,14.8,1185,35.9,1220,37,-1.1,852,250,7.6,722,21.9
161,McNeese,162,29,2043,70.4,2292,79,-8.6,24.1,418,610,68.5,1697,42.1,588,33.2,34.9,302,10.4,403,13.9,976,33.7,1191,41.1,-7.4,691,159,5.5,574,19.8
162,Memphis,163,32,2367,74,2262,70.7,3.3,59.4,482,706,68.3,1926,44.2,613,29.5,33.7,508,15.9,368,11.5,1172,36.6,1161,36.3,0.3,799,221,6.9,534,16.7
163,Mercer,164,32,2267,70.8,2184,68.3,2.6,46.9,449,574,78.2,1774,44.4,698,35,34.4,432,13.5,367,11.5,1174,36.7,999,31.2,5.5,807,134,4.2,547,17.1
164,Miami (FL),165,32,2220,69.4,2038,63.7,5.7,65.6,431,600,71.8,1748,45.3,571,35.9,33.1,381,11.9,407,12.7,1153,36,1007,31.5,4.6,799,204,6.4,498,15.6
165,Miami (OH),166,32,2249,70.3,2384,74.5,-4.2,34.4,476,689,69.1,1815,43.4,647,30.8,34.7,364,11.4,467,14.6,1091,34.1,1223,38.2,-4.1,793,238,7.4,643,20.1
166,Michigan,167,35,2618,74.8,2294,65.5,9.3,68.6,450,581,77.5,1905,48.3,860,38.1,37.8,483,13.8,330,9.4,1029,29.4,1097,31.3,-1.9,766,208,5.9,529,15.1
167,Michigan St.,168,33,2367,71.7,2256,68.4,3.4,57.6,408,614,66.4,1817,46.8,689,37.6,34.7,560,17,468,14.2,1211,36.7,1093,33.1,3.6,898,147,4.5,670,20.3
168,Middle Tenn.,169,34,2551,75,2153,63.3,11.7,88.2,412,590,69.8,1962,49,590,36.8,32,519,15.3,354,10.4,1208,35.5,1035,30.4,5.1,871,233,6.9,616,18.1
169,Milwaukee,170,35,2347,67.1,2494,71.3,-4.2,31.4,355,538,66,1950,44.1,782,34.8,35.3,467,13.3,419,12,1108,31.7,1175,33.6,-1.9,815,164,4.7,641,18.3
170,Minnesota,171,33,2484,75.3,2280,69.1,6.2,72.7,555,785,70.7,1986,43.5,590,34.4,30.5,492,14.9,385,11.7,1317,39.9,1275,38.6,1.3,943,189,5.7,557,16.9
171,Mississippi St.,172,32,2320,72.5,2281,71.3,1.2,50,431,627,68.7,1849,44.4,711,34.7,31.5,386,12.1,433,13.5,1133,35.4,1185,37,-1.6,823,239,7.5,638,19.9
172,Mississippi Val.,173,32,2233,69.8,2665,83.3,-13.5,21.9,423,651,65,1942,42.1,508,34.3,38.1,374,11.7,460,14.4,1108,34.6,1250,39.1,-4.4,723,218,6.8,624,19.5
173,Missouri,174,32,2213,69.2,2333,72.9,-3.8,25,500,732,68.3,1893,39.3,739,30.4,34.4,386,12.1,384,12,1168,36.5,1260,39.4,-2.9,811,200,6.3,649,20.3
174,Missouri St.,175,33,2403,72.8,2277,69,3.8,51.5,457,652,70.1,1893,44.3,742,36.4,34.1,403,12.2,406,12.3,1212,36.7,1025,31.1,5.7,835,176,5.3,585,17.7
175,Monmouth,176,33,2678,81.2,2413,73.1,8,81.8,593,784,75.6,2054,43.8,775,37,33.1,410,12.4,413,12.5,1279,38.8,1253,38,0.8,910,230,7,678,20.5
176,Montana,177,32,2391,74.7,2348,73.4,1.3,50,467,621,75.2,1879,44.9,667,35.7,34.5,416,13,345,10.8,1084,33.9,1082,33.8,0.1,774,181,5.7,701,21.9
177,Montana St.,178,32,2561,80,2532,79.1,0.9,50,527,722,73,1968,43.5,853,37.5,37.5,423,13.2,393,12.3,1166,36.4,1185,37,-0.6,830,181,5.7,732,22.9
178,Morehead St.,179,30,2370,79,2311,77,2,46.7,395,544,72.6,1906,46.1,568,38.6,38.4,482,16.1,404,13.5,1128,37.6,982,32.7,4.9,732,202,6.7,634,21.1
179,Morgan St.,180,30,2025,67.5,2121,70.7,-3.2,46.7,484,681,71.1,1793,38.5,541,29.4,28.5,323,10.8,420,14,1170,39,1129,37.6,1.4,746,171,5.7,602,20.1
180,Mt. St. Mary's,181,34,2323,68.3,2332,68.6,-0.3,55.9,415,615,67.5,1873,44.4,690,35.7,34.4,379,11.1,447,13.1,1029,30.3,1280,37.6,-7.4,769,211,6.2,612,18
181,Murray St.,182,33,2639,80,2543,77.1,2.9,48.5,552,751,73.5,2040,44.1,803,36,36,458,13.9,403,12.2,1243,37.7,1200,36.4,1.3,844,198,6,661,20
182,N.C. A&T,183,32,2056,64.3,2435,76.1,-11.8,9.4,400,587,68.1,1716,42.4,610,32.8,37.9,352,11,466,14.6,1102,34.4,1115,34.8,-0.4,754,144,4.5,629,19.7
183,N.C. Central,184,33,2479,75.1,2092,63.4,11.7,75.8,457,671,68.1,1938,45.7,735,34,29,466,14.1,397,12,1281,38.8,1186,35.9,2.9,893,199,6,573,17.4
184,Navy,185,32,2076,64.9,2053,64.2,0.7,50,400,624,64.1,1740,42.2,670,30.7,35.7,433,13.5,464,14.5,1134,35.4,960,30,5.4,710,227,7.1,594,18.6
185,NC State,186,32,2483,77.6,2547,79.6,-2,46.9,481,687,70,1898,46.8,635,35.6,37,458,14.3,428,13.4,1161,36.3,1156,36.1,0.2,832,162,5.1,585,18.3
186,Nebraska,187,31,2168,69.9,2264,73,-3.1,38.7,403,568,71,1906,41.6,560,32,39.9,354,11.4,411,13.3,1187,38.3,1124,36.3,2,776,211,6.8,578,18.6
187,Nevada,188,34,2719,80,2412,70.9,9,82.4,593,843,70.3,2017,45,811,38.5,30.7,546,16.1,379,11.1,1323,38.9,1191,35,3.9,947,180,5.3,567,16.7
188,New Hampshire,189,32,2277,71.2,2118,66.2,5,62.5,455,628,72.5,1787,43.8,727,35.2,32.2,398,12.4,401,12.5,1227,38.3,1033,32.3,6.1,903,129,4,506,15.8
189,New Mexico,190,31,2283,73.6,2253,72.7,1,54.8,582,780,74.6,1693,46,444,32.7,36.9,419,13.5,403,13,1071,34.5,1049,33.8,0.7,797,189,6.1,615,19.8
190,New Mexico St.,191,33,2605,78.9,2219,67.2,11.7,84.8,591,830,71.2,1893,46.8,725,33.7,29.1,490,14.8,454,13.8,1312,39.8,1085,32.9,6.9,885,160,4.8,610,18.5
191,New Orleans,192,31,2265,73.1,2148,69.3,3.8,64.5,525,737,71.2,1701,47.1,429,32.2,31,489,15.8,520,16.8,1112,35.9,991,32,3.9,736,242,7.8,544,17.5
192,Niagara,193,33,2448,74.2,2579,78.2,-4,30.3,512,683,75,2035,41.6,667,36.6,36.6,416,12.6,428,13,1261,38.2,1271,38.5,-0.3,872,172,5.2,604,18.3
193,Nicholls St.,194,31,2316,74.7,2464,79.5,-4.8,45.2,496,671,73.9,1806,42.7,805,34.5,39.8,430,13.9,451,14.5,1019,32.9,1234,39.8,-6.9,716,234,7.5,599,19.3
194,NJIT,195,31,2251,72.6,2320,74.8,-2.2,35.5,421,599,70.3,1857,42.3,775,33.3,37.5,395,12.7,436,14.1,1134,36.6,1045,33.7,2.9,777,203,6.5,599,19.3
195,Norfolk St.,196,33,2310,70,2357,71.4,-1.4,51.5,478,704,67.9,1905,42.4,643,33.6,33.6,364,11,484,14.7,1276,38.7,1223,37.1,1.6,919,169,5.1,687,20.8
196,North Carolina,197,34,2887,84.9,2401,70.6,14.3,79.4,531,753,70.5,2239,47.1,672,36.6,34.3,619,18.2,405,11.9,1479,43.5,1046,30.8,12.7,942,236,6.9,606,17.8
197,North Dakota,198,31,2496,80.5,2257,72.8,7.7,71,490,682,71.8,1850,48.3,563,38.7,35.1,469,15.1,413,13.3,1114,35.9,1084,35,1,826,245,7.9,647,20.9
198,North Dakota St.,199,30,2244,74.8,2144,71.5,3.3,63.3,462,650,71.1,1693,45.8,630,36.8,38,365,12.2,348,11.6,1047,34.9,1046,34.9,0,789,183,6.1,501,16.7
199,North Florida,200,34,2637,77.6,2674,78.6,-1.1,44.1,490,748,65.5,2026,45.7,841,35.1,35.8,447,13.1,541,15.9,1321,38.9,1225,36,2.8,898,185,5.4,639,18.8
200,North Texas,201,30,2075,69.2,2258,75.3,-6.1,26.7,409,633,64.6,1749,42.3,582,32,34.1,338,11.3,410,13.7,1075,35.8,1165,38.8,-3,775,199,6.6,568,18.9
201,Northeastern,202,31,2234,72.1,2230,71.9,0.1,48.4,433,636,68.1,1682,45.6,728,36.7,36.4,414,13.4,390,12.6,1039,33.5,1051,33.9,-0.4,775,170,5.5,522,16.8
202,Northern Ariz.,203,32,2218,69.3,2436,76.1,-6.8,28.1,441,645,68.4,1891,40.7,745,32.1,33.7,441,13.8,465,14.5,1218,38.1,1148,35.9,2.2,835,143,4.5,590,18.4
203,Northern Colo.,204,29,2075,71.6,2167,74.7,-3.2,37.9,357,591,60.4,1665,44,736,34.5,35.2,392,13.5,407,14,1075,37.1,1048,36.1,0.9,765,147,5.1,563,19.4
204,Northern Ill.,205,32,2310,72.2,2261,70.7,1.5,46.9,493,728,67.7,1891,43.8,516,31.2,34.7,347,10.8,430,13.4,1211,37.8,1109,34.7,3.2,810,226,7.1,619,19.3
205,Northern Ky.,206,34,2589,76.1,2428,71.4,4.7,70.6,493,729,67.6,1964,45.9,827,35.3,32.8,475,14,460,13.5,1279,37.6,1119,32.9,4.7,901,194,5.7,601,17.7
206,Northwestern,207,34,2417,71.1,2212,65.1,6,67.6,456,607,75.1,1973,43.6,707,34.1,33.5,519,15.3,358,10.5,1231,36.2,1202,35.4,0.9,865,171,5,647,19
207,Northwestern St.,208,29,2204,76,2301,79.3,-3.3,44.8,499,723,69,1698,44.2,554,36.6,37.6,406,14,439,15.1,1050,36.2,1065,36.7,-0.5,713,196,6.8,568,19.6
208,Notre Dame,209,34,2652,78,2353,69.2,8.8,73.5,458,573,79.9,2033,46.1,830,38.6,33.7,544,16,321,9.4,1148,33.8,1211,35.6,-1.9,831,244,7.2,505,14.9
209,Oakland,210,32,2542,79.4,2263,70.7,8.7,75,555,730,76,1935,45.5,688,33,31.7,549,17.2,436,13.6,1246,38.9,1183,37,2,917,259,8.1,557,17.4
210,Ohio,211,31,2387,77,2166,69.9,7.1,64.5,432,626,69,1838,45.4,742,38.4,32.2,416,13.4,388,12.5,1143,36.9,1149,37.1,-0.2,859,182,5.9,550,17.7
211,Ohio St.,212,32,2329,72.8,2232,69.8,3,53.1,464,680,68.2,1786,46.3,592,35.6,35.6,434,13.6,423,13.2,1192,37.3,1119,35,2.3,868,166,5.2,562,17.6
212,Oklahoma,213,31,2262,73,2299,74.2,-1.2,35.5,494,685,72.1,1864,42.3,559,34.3,36.5,329,10.6,428,13.8,1173,37.8,1156,37.3,0.5,812,213,6.9,601,19.4
213,Oklahoma St.,214,32,2737,85.5,2497,78,7.5,62.5,606,770,78.7,1986,46.4,716,40.1,35.8,469,14.7,422,13.2,1175,36.7,1063,33.2,3.5,737,249,7.8,709,22.2
214,Old Dominion,215,31,1998,64.5,1896,61.2,3.3,61.3,387,602,64.3,1765,41.2,485,32.4,33.6,422,13.6,348,11.2,1190,38.4,1015,32.7,5.6,778,196,6.3,567,18.3
215,Ole Miss,216,33,2565,77.7,2510,76.1,1.7,60.6,660,881,74.9,1970,41.9,735,34.4,36.7,418,12.7,471,14.3,1303,39.5,1209,36.6,2.8,885,219,6.6,649,19.7
216,Omaha,217,32,2685,83.9,2673,83.5,0.4,56.3,598,799,74.8,1972,45.4,765,38.8,36.9,442,13.8,444,13.9,1149,35.9,1209,37.8,-1.9,811,262,8.2,617,19.3
217,Oral Roberts,218,30,2252,75.1,2398,79.9,-4.9,26.7,416,548,75.9,1820,44.5,588,36.7,39.7,423,14.1,360,12,1034,34.5,1109,37,-2.5,756,162,5.4,535,17.8
218,Oregon,219,34,2689,79.1,2211,65,14.1,85.3,489,688,71.1,1982,48.1,773,37.8,31.1,558,16.4,394,11.6,1237,36.4,1105,32.5,3.9,882,221,6.5,545,16
219,Oregon St.,220,32,2021,63.2,2321,72.5,-9.4,15.6,376,569,66.1,1686,42.8,586,34.6,35.9,380,11.9,491,15.3,1042,32.6,1131,35.3,-2.8,752,177,5.5,611,19.1
220,Pacific,221,33,2206,66.8,2371,71.8,-5,33.3,453,671,67.5,1940,40.4,560,33,35.3,396,12,386,11.7,1224,37.1,1159,35.1,2,839,140,4.2,690,20.9
221,Penn,222,28,1928,68.9,1904,68,0.9,46.4,274,417,65.7,1602,44.3,690,33.9,36,401,14.3,359,12.8,973,34.8,996,35.6,-0.8,706,181,6.5,502,17.9
222,Penn St.,223,33,2367,71.7,2400,72.7,-1,45.5,487,654,74.5,1991,41.4,679,33.9,36.3,452,13.7,430,13,1169,35.4,1281,38.8,-3.4,839,225,6.8,596,18.1
223,Pepperdine,224,31,2140,69,2490,80.3,-11.3,29,348,543,64.1,1810,44.6,482,36.9,41.8,420,13.5,389,12.5,1032,33.3,1130,36.5,-3.2,737,157,5.1,531,17.1
224,Pittsburgh,225,33,2404,72.8,2464,74.7,-1.8,48.5,527,719,73.3,1826,44.2,729,36.1,35.6,473,14.3,396,12,1158,35.1,1153,34.9,0.2,845,127,3.8,551,16.7
225,Portland,226,33,2215,67.1,2383,72.2,-5.1,33.3,485,655,74,1793,42.3,573,37.3,35.6,325,9.8,424,12.8,1098,33.3,1209,36.6,-3.4,820,163,4.9,582,17.6
226,Portland St.,227,31,2645,85.3,2535,81.8,3.5,48.4,489,743,65.8,1991,48.2,697,34.1,36.9,491,15.8,376,12.1,1064,34.3,1173,37.8,-3.5,742,307,9.9,590,19
227,Prairie View,228,33,2276,69,2420,73.3,-4.4,39.4,463,659,70.3,1839,42.8,678,35,35.1,404,12.2,436,13.2,1018,30.8,1254,38,-7.2,726,273,8.3,700,21.2
228,Presbyterian,229,30,1836,61.2,2245,74.8,-13.6,16.7,321,468,68.6,1618,41.2,523,34.6,38.8,364,12.1,451,15,979,32.6,1053,35.1,-2.5,679,143,4.8,519,17.3
229,Princeton,230,29,2091,72.1,1783,61.5,10.6,79.3,301,410,73.4,1659,45.2,758,38.3,33.2,416,14.3,289,10,969,33.4,968,33.4,0,729,198,6.8,468,16.1
230,Providence,231,32,2248,70.3,2132,66.6,3.6,62.5,460,666,69.1,1744,44.7,625,36.8,32.7,454,14.2,403,12.6,1073,33.5,1106,34.6,-1,786,215,6.7,548,17.1
231,Purdue,232,32,2564,80.1,2149,67.2,13,78.1,488,639,76.4,1864,48,709,40.6,32.3,580,18.1,419,13.1,1214,37.9,996,31.1,6.8,899,167,5.2,504,15.8
232,Quinnipiac,233,31,2377,76.7,2583,83.3,-6.6,32.3,453,663,68.3,2008,42.2,700,32.6,38,447,14.4,448,14.5,1223,39.5,1178,38,1.5,791,178,5.7,608,19.6
233,Radford,234,32,2090,65.3,2247,70.2,-4.9,43.8,353,530,66.6,1803,41.3,716,34.5,35.7,393,12.3,470,14.7,1219,38.1,1070,33.4,4.7,823,153,4.8,550,17.2
234,Rhode Island,235,33,2421,73.4,2141,64.9,8.5,72.7,494,752,65.7,1901,45.2,609,34,29,443,13.4,370,11.2,1235,37.4,1140,34.5,2.9,843,210,6.4,689,20.9
235,Rice,236,33,2689,81.5,2489,75.4,6.1,66.7,604,820,73.7,1927,46,800,38.9,33.4,454,13.8,490,14.8,1258,38.1,1134,34.4,3.8,919,205,6.2,635,19.2
236,Richmond,237,32,2370,74.1,2287,71.5,2.6,62.5,418,587,71.2,1826,46.6,731,34.2,31.6,542,16.9,373,11.7,998,31.2,1174,36.7,-5.5,777,218,6.8,589,18.4
237,Rider,238,33,2498,75.7,2500,75.8,-0.1,54.5,505,752,67.2,2034,44.6,539,33.2,33.7,466,14.1,481,14.6,1331,40.3,1191,36.1,4.2,910,219,6.6,653,19.8
238,Robert Morris,239,33,2125,64.4,2238,67.8,-3.4,42.4,486,751,64.7,1818,40,574,31.9,29.8,348,10.5,497,15.1,1139,34.5,1227,37.2,-2.7,776,261,7.9,671,20.3
239,Rutgers,240,33,2163,65.5,2215,67.1,-1.6,45.5,393,631,62.3,1968,41.1,502,30.3,32.7,362,11,437,13.2,1319,40,1157,35.1,4.9,839,217,6.6,586,17.8
240,Sacramento St.,241,31,2204,71.1,2303,74.3,-3.2,41.9,428,657,65.1,1759,45.9,506,31.6,38.1,408,13.2,360,11.6,1101,35.5,1085,35,0.5,795,145,4.7,568,18.3
241,Sacred Heart,242,32,2326,72.7,2436,76.1,-3.4,40.6,462,659,70.1,1882,44.2,597,33.5,37.9,459,14.3,516,16.1,1194,37.3,1117,34.9,2.4,833,217,6.8,617,19.3
242,Saint Francis (PA),243,32,2420,75.6,2370,74.1,1.6,50,405,581,69.7,1897,46.4,658,38.8,36.6,433,13.5,476,14.9,1181,36.9,1166,36.4,0.5,836,215,6.7,521,16.3
243,Saint Joseph's,244,31,2155,69.5,2265,73.1,-3.5,35.5,471,725,65,1808,41.8,537,32.4,34.9,352,11.4,371,12,1132,36.5,1111,35.8,0.7,781,150,4.8,550,17.7
244,Saint Louis,245,33,2026,61.4,2288,69.3,-7.9,36.4,396,597,66.3,1733,40.4,672,34.2,35.6,423,12.8,441,13.4,1093,33.1,1178,35.7,-2.6,814,164,5,640,19.4
245,Saint Mary's (CA),246,32,2304,72,1808,56.5,15.5,87.5,338,452,74.8,1698,49.6,706,39.9,30.3,536,16.8,337,10.5,1140,35.6,841,26.3,9.3,832,133,4.2,472,14.8
246,Saint Peter's,247,32,2129,66.5,1978,61.8,4.7,59.4,397,559,71,1698,43.5,668,38.3,32.3,386,12.1,354,11.1,1052,32.9,1052,32.9,0,782,223,7,517,16.2
247,Sam Houston St.,248,34,2526,74.3,2424,71.3,3,61.8,518,755,68.6,2053,43.7,669,31.7,34.3,507,14.9,466,13.7,1281,37.7,1177,34.6,3.1,880,239,7,758,22.3
248,Samford,249,34,2698,79.4,2593,76.3,3.1,55.9,615,831,74,1941,46.7,673,40.3,33.4,554,16.3,466,13.7,1238,36.4,1226,36.1,0.4,906,214,6.3,652,19.2
249,San Diego,250,31,2025,65.3,2210,71.3,-6,41.9,435,603,72.1,1636,40.7,741,34.8,36.6,376,12.1,379,12.2,1028,33.2,1059,34.2,-1,774,121,3.9,600,19.4
250,San Diego St.,251,33,2260,68.5,2064,62.5,5.9,57.6,463,663,69.8,1878,41.6,736,31.7,32.4,360,10.9,387,11.7,1199,36.3,1157,35.1,1.3,849,227,6.9,572,17.3
251,San Francisco,252,32,2286,71.4,2137,66.8,4.7,62.5,314,500,62.8,1855,45.3,818,35.7,33.2,414,12.9,404,12.6,1145,35.8,1123,35.1,0.7,846,210,6.6,620,19.4
252,San Jose St.,253,30,2195,73.2,2245,74.8,-1.7,46.7,451,643,70.1,1750,44.1,574,34.8,34.7,417,13.9,395,13.2,1014,33.8,1028,34.3,-0.5,731,190,6.3,589,19.6
253,Santa Clara,254,33,2204,66.8,2158,65.4,1.4,51.5,330,451,73.2,1784,43.6,832,38.2,37.7,464,14.1,341,10.3,981,29.7,1115,33.8,-4.1,778,170,5.2,617,18.7
254,Savannah St.,255,29,2485,85.7,2665,91.9,-6.2,44.8,427,659,64.8,2030,41,1182,33.2,33.2,501,17.3,431,14.9,1169,40.3,1411,48.7,-8.3,811,226,7.8,571,19.7
255,Seattle U,256,30,2091,69.7,2141,71.4,-1.7,43.3,405,573,70.7,1646,43.3,757,34.3,31.5,476,15.9,436,14.5,1011,33.7,1137,37.9,-4.2,788,199,6.6,569,19
256,Seton Hall,257,32,2346,73.3,2246,70.2,3.1,65.6,458,712,64.3,1879,45,580,33.8,34,394,12.3,434,13.6,1266,39.6,1053,32.9,6.7,848,222,6.9,595,18.6
257,SFA,258,32,2239,70,2198,68.7,1.3,56.3,522,727,71.8,1702,44.9,590,32,34.9,398,12.4,560,17.5,1117,34.9,978,30.6,4.3,751,219,6.8,700,21.9
258,Siena,259,34,2549,75,2541,74.7,0.2,50,565,795,71.1,1989,45.2,568,32.7,33.9,460,13.5,476,14,1284,37.8,1135,33.4,4.4,854,199,5.9,668,19.6
259,SIUE,260,30,2044,68.1,2282,76.1,-7.9,20,528,780,67.7,1686,40.7,486,29.2,32.9,305,10.2,436,14.5,1073,35.8,1051,35,0.7,720,142,4.7,657,21.9
260,SMU,261,34,2534,74.5,2034,59.8,14.7,88.2,477,686,69.5,1879,47.4,682,40.6,32.2,556,16.4,369,10.9,1304,38.4,997,29.3,9,898,195,5.7,490,14.4
261,South Ala.,262,32,2284,71.4,2322,72.6,-1.2,43.8,475,725,65.5,1859,42.7,702,31.8,34.8,408,12.8,419,13.1,1108,34.6,1215,38,-3.3,771,240,7.5,653,20.4
262,South Carolina,263,32,2306,72.1,2063,64.5,7.6,68.8,516,748,69,1899,41.4,639,33.8,29.3,403,12.6,428,13.4,1161,36.3,1134,35.4,0.8,760,251,7.8,665,20.8
263,South Carolina St.,264,31,2167,69.9,2486,80.2,-10.3,35.5,390,564,69.1,1850,43,578,32,34.5,381,12.3,383,12.4,991,32,1182,38.1,-6.2,671,154,5,596,19.2
264,South Dakota,265,33,2564,77.7,2426,73.5,4.2,66.7,583,828,70.4,1985,44.4,639,34,36.5,400,12.1,390,11.8,1241,37.6,1198,36.3,1.3,898,220,6.7,638,19.3
265,South Dakota St.,266,34,2637,77.6,2631,77.4,0.2,52.9,598,771,77.6,1880,45.9,863,36.3,37.6,451,13.3,440,12.9,1190,35,1145,33.7,1.3,883,177,5.2,567,16.7
266,South Fla.,267,30,1945,64.8,2235,74.5,-9.7,23.3,339,516,65.7,1683,42.5,503,34.6,39.6,365,12.2,489,16.3,1053,35.1,1116,37.2,-2.1,725,183,6.1,579,19.3
267,Southeast Mo. St.,268,33,2460,74.5,2464,74.7,-0.1,45.5,493,664,74.2,1896,44.9,716,36.7,36.7,454,13.8,410,12.4,1024,31,1162,35.2,-4.2,735,248,7.5,644,19.5
268,Southeastern La.,269,32,2268,70.9,2182,68.2,2.7,50,461,675,68.3,1770,45,593,36.3,34.3,455,14.2,512,16,1154,36.1,1033,32.3,3.8,770,218,6.8,619,19.3
269,Southern California,270,33,2597,78.7,2415,73.2,5.5,72.7,544,736,73.9,1977,45.4,713,36.3,36.5,505,15.3,368,11.2,1191,36.1,1179,35.7,0.4,835,239,7.2,525,15.9
270,Southern Ill.,271,33,2260,68.5,2289,69.4,-0.9,51.5,469,674,69.6,1866,43.3,554,31.6,39.6,375,11.4,398,12.1,1114,33.8,1164,35.3,-1.5,766,225,6.8,595,18
271,Southern Miss.,272,31,1952,63,2239,72.2,-9.3,29,372,526,70.7,1728,39.9,655,30.5,37,376,12.1,405,13.1,1060,34.2,1136,36.6,-2.5,802,145,4.7,527,17
272,Southern U.,273,33,2360,71.5,2399,72.7,-1.2,45.5,547,786,69.6,1891,43.6,511,31.9,31.4,388,11.8,453,13.7,1256,38.1,1217,36.9,1.2,851,187,5.7,635,19.2
273,Southern Utah,274,33,2559,77.5,2814,85.3,-7.7,18.2,638,861,74.1,2005,40.6,816,35.7,38.4,381,11.5,452,13.7,1219,36.9,1232,37.3,-0.4,836,185,5.6,803,24.3
274,St. Bonaventure,275,32,2459,76.8,2316,72.4,4.5,62.5,608,791,76.9,1864,44.3,577,34.8,35.3,423,13.2,401,12.5,1153,36,1101,34.4,1.6,784,230,7.2,671,21
275,St. Francis Brooklyn,276,31,1921,62,2284,73.7,-11.7,12.9,400,616,64.9,1871,34.7,792,27.9,35.2,287,9.3,379,12.2,1079,34.8,1293,41.7,-6.9,689,208,6.7,673,21.7
276,St. John's (NY),277,33,2534,76.8,2598,78.7,-1.9,42.4,524,724,72.4,2000,43.3,763,36.4,37.5,446,13.5,433,13.1,1136,34.4,1285,38.9,-4.5,799,224,6.8,688,20.8
277,Stanford,278,31,2162,69.7,2204,71.1,-1.4,45.2,461,676,68.2,1753,44,490,32,38.2,421,13.6,399,12.9,1067,34.4,1030,33.2,1.2,751,211,6.8,604,19.5
278,Stetson,279,32,2471,77.2,2654,82.9,-5.7,34.4,438,665,65.9,2007,44.1,770,33.9,34.7,436,13.6,362,11.3,1128,35.3,1379,43.1,-7.8,854,155,4.8,608,19
279,Stony Brook,280,31,2144,69.2,2133,68.8,0.4,58.1,437,605,72.2,1797,40.7,735,33.3,37.8,378,12.2,318,10.3,1064,34.3,1114,35.9,-1.6,729,166,5.4,600,19.4
280,Syracuse,281,32,2424,75.8,2254,70.4,5.3,56.3,469,639,73.4,1832,45.6,737,38.4,34,498,15.6,388,12.1,1111,34.7,1151,36,-1.3,772,256,8,514,16.1
281,TCU,282,34,2512,73.9,2390,70.3,3.6,55.9,444,646,68.7,1970,46.3,688,35.2,35.7,563,16.6,443,13,1206,35.5,1105,32.5,3,821,218,6.4,593,17.4
282,Temple,283,32,2269,70.9,2277,71.2,-0.3,50,366,506,72.3,1916,42.2,807,35.6,34.3,464,14.5,365,11.4,1097,34.3,1212,37.9,-3.6,777,208,6.5,581,18.2
283,Tennessee,284,32,2383,74.5,2335,73,1.5,50,588,807,72.9,1903,42.2,579,32.6,35.6,441,13.8,399,12.5,1206,37.7,1183,37,0.7,818,175,5.5,670,20.9
284,Tennessee St.,285,30,2134,71.1,2032,67.7,3.4,56.7,476,688,69.2,1680,44.3,501,33.9,34.8,339,11.3,452,15.1,1118,37.3,978,32.6,4.7,752,201,6.7,633,21.1
285,Tennessee Tech,286,32,2317,72.4,2338,73.1,-0.7,37.5,504,712,70.8,1867,42.1,743,32.4,34.1,445,13.9,434,13.6,1161,36.3,1176,36.8,-0.5,805,215,6.7,675,21.1
286,Texas,287,33,2215,67.1,2273,68.9,-1.8,33.3,414,637,65,1847,43.9,620,29.2,32.6,377,11.4,443,13.4,1132,34.3,1180,35.8,-1.5,809,190,5.8,589,17.8
287,Texas A&M,288,31,2176,70.2,2102,67.8,2.4,51.6,379,584,64.9,1754,45.8,574,32.9,35.2,489,15.8,439,14.2,1197,38.6,1032,33.3,5.3,796,186,6,511,16.5
288,Texas Southern,289,34,2529,74.4,2439,71.7,2.6,67.6,643,876,73.4,1957,43.1,668,29.6,32.4,402,11.8,394,11.6,1199,35.3,1265,37.2,-1.9,804,245,7.2,590,17.4
289,Texas St.,290,33,2229,67.5,2092,63.4,4.2,60.6,417,636,65.6,1785,45,598,34.1,31.6,482,14.6,383,11.6,1104,33.5,1108,33.6,-0.1,786,212,6.4,586,17.8
290,Texas Tech,291,32,2346,73.3,2146,67.1,6.3,56.3,464,633,73.3,1779,46.9,575,36.9,35.5,447,14,354,11.1,1055,33,955,29.8,3.1,756,169,5.3,561,17.5
291,The Citadel,292,33,2964,89.8,3121,94.6,-4.8,36.4,607,802,75.7,2359,41.5,1166,34,38.7,561,17,473,14.3,1234,37.4,1451,44,-6.6,786,306,9.3,738,22.4
292,Toledo,293,33,2606,79,2494,75.6,3.4,51.5,520,748,69.5,1909,47.9,704,36.4,31.9,540,16.4,438,13.3,1243,37.7,1111,33.7,4,909,133,4,564,17.1
293,Towson,294,33,2447,74.2,2283,69.2,5,60.6,592,868,68.2,1900,44.7,499,31.1,34,348,10.5,426,12.9,1305,39.5,1043,31.6,7.9,860,226,6.8,686,20.8
294,Troy,295,36,2824,78.4,2580,71.7,6.8,61.1,602,834,72.2,2095,45.7,845,36.2,33.6,474,13.2,445,12.4,1330,36.9,1235,34.3,2.6,934,220,6.1,635,17.6
295,Tulane,296,31,2179,70.3,2434,78.5,-8.2,19.4,456,636,71.7,1856,40.5,683,32.4,38.1,398,12.8,420,13.5,1064,34.3,1186,38.3,-3.9,715,192,6.2,648,20.9
296,Tulsa,297,32,2158,67.4,2249,70.3,-2.8,46.9,522,716,72.9,1673,41.9,683,34.3,35.9,366,11.4,473,14.8,1113,34.8,1061,33.2,1.6,802,145,4.5,579,18.1
297,UAB,298,33,2369,71.8,2316,70.2,1.6,51.5,496,674,73.6,1808,46.2,582,34.9,34.2,503,15.2,444,13.5,1188,36,1080,32.7,3.3,867,157,4.8,528,16
298,UC Davis,299,34,2396,70.5,2343,68.9,1.6,64.7,524,788,66.5,1898,43.7,599,35.4,33.1,440,12.9,481,14.1,1212,35.6,1166,34.3,1.4,863,193,5.7,658,19.4
299,UC Irvine,300,35,2443,69.8,2246,64.2,5.6,60,417,601,69.4,1996,44.4,704,35.8,31.7,444,12.7,471,13.5,1392,39.8,1147,32.8,7,1004,170,4.9,732,20.9
300,UC Riverside,301,28,1814,64.8,1971,70.4,-5.6,25,336,481,69.9,1596,41.1,522,31.8,34.4,319,11.4,387,13.8,960,34.3,1020,36.4,-2.1,696,185,6.6,554,19.8
301,UC Santa Barbara,302,28,1701,60.8,1987,71,-10.2,21.4,303,478,63.4,1651,37.7,531,29,33.8,338,12.1,341,12.2,1028,36.7,1049,37.5,-0.8,672,148,5.3,502,17.9
302,UCF,303,32,2151,67.2,1940,60.6,6.6,65.6,444,673,66,1693,43.6,666,34.7,31,362,11.3,469,14.7,1318,41.2,1038,32.4,8.8,965,124,3.9,497,15.5
303,UCLA,304,33,2982,90.4,2486,75.3,15,87.9,429,576,74.5,2144,51.9,807,40.5,36.2,709,21.5,381,11.5,1294,39.2,1155,35,4.2,972,202,6.1,543,16.5
304,UConn,305,33,2220,67.3,2189,66.3,0.9,48.5,441,619,71.2,1809,43,628,35.5,33.4,432,13.1,402,12.2,1209,36.6,1163,35.2,1.4,873,146,4.4,575,17.4
305,UMass Lowell,306,,,,,,,,,,,,,,,,,,,,,,,,,,,,,
306,UMBC,307,30,2443,81.4,2315,77.2,4.3,60,452,616,73.4,1821,46.8,725,39.6,34.8,441,14.7,350,11.7,1058,35.3,1085,36.2,-0.9,776,202,6.7,576,19.2
307,UMES,308,34,2426,71.4,2585,76,-4.7,41.2,456,668,68.3,2013,42.4,765,34.2,35.3,449,13.2,437,12.9,1143,33.6,1321,38.9,-5.2,793,191,5.6,666,19.6
308,UMKC,309,33,2538,76.9,2599,78.8,-1.8,51.5,521,731,71.3,1956,44,797,37,34,426,12.9,482,14.6,1141,34.6,1249,37.8,-3.3,812,221,6.7,734,22.2
309,UNC Asheville,310,32,2469,77.2,2172,67.9,9.3,71.9,455,667,68.2,1850,47.5,652,39.6,34.7,499,15.6,369,11.5,1078,33.7,1111,34.7,-1,804,300,9.4,531,16.6
310,UNCG,311,34,2551,75,2334,68.6,6.4,73.5,422,595,70.9,1972,46.3,778,38.7,35.7,503,14.8,462,13.6,1213,35.7,1083,31.9,3.8,821,237,7,614,18.1
311,UNCW,312,34,2896,85.2,2548,74.9,10.2,85.3,478,691,69.2,2170,48.2,891,36.6,33.6,550,16.2,354,10.4,1221,35.9,1151,33.9,2.1,813,232,6.8,679,20
312,UNI,313,30,1854,61.8,1931,64.4,-2.6,46.7,381,520,73.3,1559,39.9,702,32.6,36.3,298,9.9,342,11.4,883,29.4,1102,36.7,-7.3,701,197,6.6,464,15.5
313,UNLV,314,32,2202,68.8,2405,75.2,-6.3,34.4,495,711,69.6,1893,39.5,666,32,37.8,412,12.9,410,12.8,1205,37.7,1215,38,-0.3,840,189,5.9,539,16.8
314,USC Upstate,315,32,2518,78.7,2449,76.5,2.2,53.1,410,627,65.4,1985,46,797,35.1,33.2,500,15.6,405,12.7,1249,39,1167,36.5,2.6,860,169,5.3,537,16.8
315,UT Arlington,316,33,2552,77.3,2278,69,8.3,75.8,469,693,67.7,1968,45.8,829,33.7,31.4,508,15.4,434,13.2,1285,38.9,1150,34.8,4.1,886,237,7.2,625,18.9
316,UT Martin,317,33,2548,77.2,2482,75.2,2,63.6,446,643,69.4,1961,46.8,763,34.9,34.8,529,16,501,15.2,1247,37.8,1085,32.9,4.9,811,218,6.6,585,17.7
317,Utah,318,31,2443,78.8,2107,68,10.8,64.5,415,606,68.5,1798,50.6,590,35.6,34.6,459,14.8,415,13.4,1177,38,963,31.1,6.9,867,190,6.1,520,16.8
318,Utah St.,319,31,2241,72.3,2195,70.8,1.5,45.2,427,609,70.1,1714,46.1,618,37.9,33.6,465,15,390,12.6,1095,35.3,1072,34.6,0.7,839,154,5,590,19
319,Utah Valley,320,31,2388,77,2277,73.5,3.6,48.4,508,721,70.5,1842,43.6,855,31.8,32.7,484,15.6,479,15.5,1220,39.4,1191,38.4,0.9,948,199,6.4,606,19.5
320,UTEP,321,32,2217,69.3,2202,68.8,0.5,46.9,413,624,66.2,1731,46.9,517,34.8,33.8,463,14.5,427,13.3,1104,34.5,1093,34.2,0.3,869,172,5.4,619,19.3
321,UTRGV,322,32,2505,78.3,2665,83.3,-5,31.3,491,685,71.7,2050,42.4,821,33.6,36.5,484,15.1,507,15.8,1179,36.8,1273,39.8,-2.9,797,246,7.7,780,24.4
322,UTSA,323,33,2178,66,2291,69.4,-3.4,42.4,468,703,66.6,1959,39.3,608,28.3,35,357,10.8,418,12.7,1292,39.2,1161,35.2,4,867,183,5.5,643,19.5
323,Valparaiso,324,32,2408,75.3,2192,68.5,6.8,75,540,697,77.5,1854,44.6,651,32.9,32.8,414,12.9,413,12.9,1225,38.3,1071,33.5,4.8,881,204,6.4,602,18.8
324,Vanderbilt,325,34,2423,71.3,2317,68.1,3.1,55.9,498,642,77.6,1841,43.1,895,37.7,33.5,441,13,420,12.4,1178,34.6,1171,34.4,0.2,899,140,4.1,565,16.6
325,VCU,326,34,2539,74.7,2258,66.4,8.3,76.5,510,721,70.7,1985,46.1,589,33.4,33.8,519,15.3,426,12.5,1246,36.6,1148,33.8,2.9,871,256,7.5,698,20.5
326,Vermont,327,34,2501,73.6,2094,61.6,12,85.3,450,641,70.2,1848,49.6,594,36.9,33,455,13.4,383,11.3,1164,34.2,1028,30.2,4,846,193,5.7,539,15.9
327,Villanova,328,34,2641,77.7,2135,62.8,14.9,91.2,515,649,79.4,1837,49.7,810,37,31.3,486,14.3,381,11.2,1134,33.4,1012,29.8,3.6,843,246,7.2,483,14.2
328,Virginia,329,32,2131,66.6,1780,55.6,11,68.8,313,442,70.8,1717,46.4,570,39.3,31.2,456,14.3,305,9.5,1054,32.9,945,29.5,3.4,772,181,5.7,520,16.3
329,Virginia Tech,330,32,2536,79.3,2381,74.4,4.8,68.8,525,715,73.4,1764,49,703,40.3,36,483,15.1,388,12.1,1041,32.5,1109,34.7,-2.1,807,128,4,525,16.4
330,VMI,331,30,2057,68.6,2346,78.2,-9.6,20,345,500,69,1778,41.2,786,31.6,39.6,356,11.9,395,13.2,990,33,1125,37.5,-4.5,684,188,6.3,595,19.8
331,Wagner,332,30,2047,68.2,1973,65.8,2.5,53.3,410,593,69.1,1700,42.8,552,33.2,33.6,326,10.9,422,14.1,1184,39.5,967,32.2,7.2,750,146,4.9,616,20.5
332,Wake Forest,333,32,2645,82.7,2493,77.9,4.8,59.4,590,764,77.2,1902,47.2,670,38.7,35.8,498,15.6,378,11.8,1176,36.8,1082,33.8,2.9,834,175,5.5,643,20.1
333,Washington,334,31,2368,76.4,2513,81.1,-4.7,29,394,602,65.4,1950,44.8,639,35.4,39.9,408,13.2,425,13.7,1156,37.3,1092,35.2,2.1,755,188,6.1,628,20.3
334,Washington St.,335,31,2179,70.3,2376,76.6,-6.4,41.9,368,487,75.6,1739,46.1,574,36.4,35.1,453,14.6,389,12.5,991,32,1123,36.2,-4.3,792,131,4.2,502,16.2
335,Weber St.,336,32,2559,80,2347,73.3,6.6,59.4,552,751,73.5,1757,48.8,697,41.8,36.1,417,13,364,11.4,1034,32.3,1127,35.2,-2.9,807,170,5.3,569,17.8
336,West Virginia,337,34,2787,82,2255,66.3,15.6,76.5,558,823,67.8,2153,45.8,711,36.1,34.9,569,16.7,417,12.3,1268,37.3,1179,34.7,2.6,781,353,10.4,699,20.6
337,Western Caro.,338,32,1965,61.4,2345,73.3,-11.9,28.1,345,528,65.3,1844,39,592,30.7,35.5,364,11.4,516,16.1,1159,36.2,1137,35.5,0.7,762,199,6.2,662,20.7
338,Western Ill.,339,28,2012,71.9,2151,76.8,-5,28.6,336,475,70.7,1633,43.5,654,38.8,40.6,375,13.4,369,13.2,968,34.6,1051,37.5,-3,774,130,4.6,546,19.5
339,Western Ky.,340,32,2209,69,2302,71.9,-2.9,46.9,441,657,67.1,1766,44,605,35.4,36.8,397,12.4,388,12.1,1118,34.9,1104,34.5,0.4,816,143,4.5,475,14.8
340,Western Mich.,341,32,2417,75.5,2408,75.3,0.3,50,482,685,70.4,1916,45,564,37.1,36.2,414,12.9,399,12.5,1155,36.1,1068,33.4,2.7,785,183,5.7,602,18.8
341,Wichita St.,342,34,2790,82.1,2123,62.4,19.6,88.2,596,812,73.4,2006,47.3,725,40.8,30.9,563,16.6,379,11.1,1389,40.9,1087,32,8.9,982,233,6.9,643,18.9
342,William & Mary,343,31,2534,81.7,2411,77.8,4,54.8,477,689,69.2,1808,49.1,740,38.2,34.8,543,17.5,388,12.5,1123,36.2,1077,34.7,1.5,852,167,5.4,566,18.3
343,Winthrop,344,32,2551,79.7,2246,70.2,9.5,81.3,515,715,72,1895,45.7,814,37.3,31,411,12.8,421,13.2,1197,37.4,1165,36.4,1,884,210,6.6,583,18.2
344,Wisconsin,345,34,2446,71.9,2088,61.4,10.5,73.5,407,632,64.4,1972,45.2,723,35.5,37.7,460,13.5,373,11,1269,37.3,1055,31,6.3,849,234,6.9,535,15.7
345,Wofford,346,33,2593,78.6,2479,75.1,3.5,48.5,482,618,78,1926,46.7,771,40.3,34.2,552,16.7,405,12.3,1107,33.5,1092,33.1,0.5,784,186,5.6,616,18.7
346,Wright St.,347,32,2465,77,2317,72.4,4.6,62.5,546,715,76.4,1819,44.9,749,38.1,33.8,472,14.8,474,14.8,1136,35.5,1055,33,2.5,810,181,5.7,594,18.6
347,Wyoming,348,32,2479,77.5,2416,75.5,2,56.3,538,739,72.8,1914,42.7,898,34.2,31.5,478,14.9,433,13.5,1232,38.5,1272,39.8,-1.3,958,172,5.4,686,21.4
348,Xavier,349,34,2537,74.6,2426,71.4,3.3,61.8,546,794,68.8,1929,45.4,703,34,33.8,505,14.9,435,12.8,1278,37.6,1053,31,6.6,863,209,6.1,638,18.8
349,Yale,350,29,2151,74.2,2028,69.9,4.2,62.1,405,553,73.2,1647,46.7,583,35.7,32.9,455,15.7,377,13,1058,36.5,959,33.1,3.4,757,162,5.6,454,15.7
350,Youngstown St.,351,34,2616,76.9,2799,82.3,-5.4,38.2,404,601,67.2,2230,44,750,33.3,34.6,513,15.1,406,11.9,1246,36.6,1381,40.6,-4,891,187,5.5,567,16.7